step,loss
0,inf
1,21.833737776079793
2,14.221966696747945
3,13.01381860008263
4,11.919216043017094
5,11.080683355492775
6,10.332687196001794
7,9.62333443456627
8,9.228089959605553
9,8.937856914780635
10,8.90480988662128
11,8.594552629477816
12,8.307748833193267
13,8.093101115162
14,8.013424423040641
15,7.83814212813482
16,7.905510368424261
17,7.63029778898388
18,7.509669090509705
19,7.317682481533417
20,7.180128233117753
21,7.024628317795233
22,6.813844855986225
23,6.626697967828389
24,6.456953276349818
25,6.347962338294412
26,6.211681095951685
27,6.0583534185842645
28,5.931929107781103
29,5.829864024873052
30,5.660826637631826
31,5.544583321910683
32,5.42659196361526
33,5.3062806465617465
34,5.20374246550312
35,5.0928403546538865
36,5.019744981830396
37,4.931415325065761
38,4.877691732042004
39,4.843908239250811
40,4.760117046650871
41,4.699702080343123
42,4.613322250375719
43,4.559840059570807
44,4.520188755649399
45,4.424980532047159
46,4.356119161445998
47,4.3050326024285
48,4.233685820954206
49,4.203400960318018
50,4.145136693445529
51,4.089148930852023
52,4.048697571634237
53,3.998813268998617
54,3.957531200256519
55,3.9225724385415504
56,3.884059276819975
57,3.824747499873433
58,3.8089962025243405
59,3.780720114731057
60,3.7365348242358545
61,3.6982709719000457
62,3.6611327093299773
63,3.6397479464945213
64,3.595029047717025
65,3.564371844860996
66,3.521922296090225
67,3.4925132412267264
68,3.455742073514687
69,3.4312919638671633
70,3.3989328032594157
71,3.368380577332096
72,3.3260654877895357
73,3.291792947002245
74,3.265753232397363
75,3.22916099051406
76,3.2003489569483055
77,3.163482850429835
78,3.1328936248808725
79,3.112707965470504
80,3.0885803186846106
81,3.078228647011753
82,3.0650580359880704
83,3.040080484757812
84,3.0169445746981673
85,2.99706154137653
86,2.9701672700199144
87,2.9692937218168027
88,2.958567634263579
89,2.930542792521308
90,2.9100763208397407
91,2.892878373244643
92,2.8723136980635786
93,2.8684628973596435
94,2.841133889328895
95,2.8289204549424194
96,2.8172331797433703
97,2.810284253437625
98,2.796817252525815
99,2.7778902237281957
100,2.7671652517229535
101,2.7440884084158883
102,2.731506055360567
103,2.7258299062500804
104,2.705466734460445
105,2.697566983195975
106,2.673828948154517
107,2.6545729582775395
108,2.638374158794479
109,2.6239988209851766
110,2.603268239097034
111,2.5839682573411547
112,2.5636905762024846
113,2.551961057758771
114,2.5344755978366984
115,2.5187223905100193
116,2.5076866293972753
117,2.5025234862635477
118,2.488412011361767
119,2.4770728770733252
120,2.48164675364258
121,2.4722172248906005
122,2.4614111233370166
123,2.4470483029067474
124,2.4351189866726455
125,2.430057827107212
126,2.4140229706145147
127,2.403884181521663
128,2.3923151052010985
129,2.3845491077013805
130,2.376498578808015
131,2.3628419267609644
132,2.3538190903782747
133,2.3496043196710685
134,2.337213137250743
135,2.3236517054065864
136,2.308916256701936
137,2.299367821261905
138,2.288110877361203
139,2.281488151116262
140,2.272603503497881
141,2.25980371917664
142,2.248776029777827
143,2.2397617407914914
144,2.2326265132174443
145,2.2217677622982657
146,2.2164687678233204
147,2.203131689461827
148,2.1976926658627383
149,2.188480265604082
150,2.1830929208912293
151,2.172657619309866
152,2.1710307892589227
153,2.1643467988974394
154,2.1600041171563786
155,2.155159568379142
156,2.1471666333112975
157,2.136286000016593
158,2.1261436532559355
159,2.1175345502961394
160,2.1098731149649894
161,2.103833562112001
162,2.0931503248412646
163,2.0827205736866765
164,2.074261756358576
165,2.063084289827686
166,2.0577332713636545
167,2.049311274458435
168,2.045440664942488
169,2.0447155987490913
170,2.034175893030597
171,2.0274354632828815
172,2.0219475166346212
173,2.0175844803145457
174,2.0076481716355308
175,2.0015281002802325
176,1.9929435530677977
177,1.9860770777980783
178,1.9792179365501545
179,1.9750876239713258
180,1.9677180470971418
181,1.9594091010555825
182,1.9538479146402477
183,1.948477890240462
184,1.9391887098933183
185,1.9297421366586716
186,1.9218480553078212
187,1.9116604050666535
188,1.9074715278066081
189,1.9034890502109163
190,1.894237598332302
191,1.888649255898506
192,1.880611020240299
193,1.876563792125754
194,1.872260425872895
195,1.8753064565084299
196,1.870279474790517
197,1.8622652707879483
198,1.8542874930225106
199,1.8472928029052773
200,1.8468144526170382
201,1.8447989910112919
202,1.8374306413551267
203,1.8343168719270342
204,1.829401762279935
205,1.824337360425585
206,1.8253122773441723
207,1.819511015147501
208,1.8118341965515978
209,1.8043947511300191
210,1.7966390321683383
211,1.7906145615495446
212,1.787704741487357
213,1.784932787927547
214,1.7797168164438149
215,1.7750772334471452
216,1.7706275142165369
217,1.768214828472352
218,1.7642209096599497
219,1.7613216057073557
220,1.756034303022148
221,1.7528753602376788
222,1.746883475133936
223,1.7414890750148724
224,1.7345250574622955
225,1.7306744830356102
226,1.7244863476574588
227,1.7186478729427515
228,1.7190694913670872
229,1.7171302694197164
230,1.716006697413667
231,1.7104756615908265
232,1.7059649124191814
233,1.7034732249398312
234,1.7067602896722867
235,1.701010252075998
236,1.6952133011046047
237,1.6921721034203483
238,1.6886435035888614
239,1.6857704942882834
240,1.6838851411216817
241,1.6798008785547611
242,1.6747983248878573
243,1.6697392630282173
244,1.6635831473223637
245,1.6583837797449879
246,1.6542992963923568
247,1.6509121433424128
248,1.6445808324943532
249,1.6405341373043125
250,1.6374315829904478
251,1.6353876603470174
252,1.6296727435378326
253,1.6258941585727111
254,1.6234020030665361
255,1.6193819656195434
256,1.6172018254543232
257,1.6162907331056022
258,1.6187403582664344
259,1.614548176753588
260,1.6203114078988896
261,1.6197119815401488
262,1.6171851757683862
263,1.6175367392804634
264,1.6132908569251467
265,1.6077069947341047
266,1.6064829928825717
267,1.607146421700105
268,1.605927644392607
269,1.6048163043343335
270,1.6040184569943625
271,1.6027260404441728
272,1.5979946715021456
273,1.5945268049933932
274,1.5916088304428408
275,1.5879772765486715
276,1.5843879444631923
277,1.5802789595531588
278,1.5759799254841547
279,1.5721743306173142
280,1.56839377307928
281,1.5661812813524922
282,1.5617346711377909
283,1.5606331284607007
284,1.5596282759811464
285,1.5556697855181194
286,1.5531349438682378
287,1.5510812982684234
288,1.546771802434184
289,1.5431304226802796
290,1.539334353268156
291,1.5389771375513717
292,1.5381329909516719
293,1.5375971518468325
294,1.5341289488146572
295,1.5320866550632577
296,1.5291695682146083
297,1.524330593038831
298,1.522160528892391
299,1.518590658451642
300,1.5165683558578997
301,1.5146465260845168
302,1.5115442756296102
303,1.5105404142304555
304,1.506509386939171
305,1.5049768631496716
306,1.5015211486187383
307,1.5004473255570567
308,1.4967811619298175
309,1.495264677029714
310,1.4907315878433456
311,1.4877496478880419
312,1.4846466763230382
313,1.4804855893872086
314,1.4801004849154094
315,1.4768379472318136
316,1.4787722213594292
317,1.4794971435919801
318,1.4752707231846716
319,1.4765209665739625
320,1.4744454547936257
321,1.4709399371013272
322,1.4684598079583009
323,1.464079853859638
324,1.4615682096447902
325,1.4626793798571613
326,1.4599539550322835
327,1.4568988894582486
328,1.457867994532049
329,1.45540051861053
330,1.4555212113219191
331,1.454728308490757
332,1.4556367995472579
333,1.4525902103450807
334,1.4520504114641901
335,1.4500255961769242
336,1.4492970035601
337,1.4469158684779637
338,1.4441754684967092
339,1.4442246299608386
340,1.4405187736020924
341,1.4416831189175519
342,1.4379393449882985
343,1.434951809531393
344,1.4340548100664923
345,1.4315900020222072
346,1.4279083159738104
347,1.425831498474391
348,1.4223739475243828
349,1.4194681064269359
350,1.4155763952339768
351,1.4119679727541337
352,1.4089406805004414
353,1.4062569554953657
354,1.403926283060547
355,1.4012500351598365
356,1.3984543287166193
357,1.3957727247605702
358,1.3940813410047834
359,1.3908465646642807
360,1.389007349502699
361,1.3869938012606096
362,1.3860064938319396
363,1.3872349503267793
364,1.3861001777729969
365,1.382371780391467
366,1.3815544183641626
367,1.3790119006791877
368,1.3763451593013434
369,1.3745080613165508
370,1.3717220107214254
371,1.3700402500424003
372,1.3672816015737086
373,1.3658025097854176
374,1.362843459996523
375,1.3606026498672192
376,1.3616965205022227
377,1.3605724176392524
378,1.3577262568534914
379,1.3559971485876705
380,1.3532085803198435
381,1.3517222610598696
382,1.3490765468060573
383,1.3494281502879393
384,1.3467076285877546
385,1.345337514653961
386,1.34328321201266
387,1.3415937128736648
388,1.339352403101337
389,1.3398421277133163
390,1.336613816217306
391,1.3356082479352698
392,1.3340168825949954
393,1.3319125393302393
394,1.3324526025991246
395,1.3303190688703692
396,1.3290515967079508
397,1.3263824687449663
398,1.325279265353844
399,1.3233873150380426
400,1.322514377602756
401,1.3206048481960784
402,1.3208724756416492
403,1.3191942369409833
404,1.3160963319423784
405,1.3163793821879317
406,1.3159592018206832
407,1.313332814615774
408,1.3110142359543875
409,1.3101593176870554
410,1.307939906097635
411,1.3074017688650856
412,1.3049995375137744
413,1.3058826350170911
414,1.3044152588727822
415,1.3026318767536718
416,1.302585251666057
417,1.301117090315659
418,1.2994906988270207
419,1.299696500864411
420,1.2968201496326017
421,1.294001771249267
422,1.2918340348465094
423,1.2890313000881104
424,1.2905999288451608
425,1.289980662949956
426,1.2881164941263823
427,1.285159277791562
428,1.2838285070487505
429,1.2827152253145178
430,1.2824702022553338
431,1.2805304256286476
432,1.278461163625563
433,1.2785738817820167
434,1.2776271548654479
435,1.2757412214032642
436,1.2766270853210044
437,1.2779979114883409
438,1.2778917555452343
439,1.276563284175357
440,1.2743377810759946
441,1.27224775873689
442,1.2710752914983432
443,1.269013616243388
444,1.2692682845385976
445,1.2699354296822418
446,1.2680782921468468
447,1.2663630108185269
448,1.2658875549456268
449,1.263573136909527
450,1.2628888514167675
451,1.260476005158137
452,1.2619740903280126
453,1.2610570747523107
454,1.2621862055455566
455,1.260418164094313
456,1.2578596090295069
457,1.257964641163222
458,1.256740805858882
459,1.2540894077708273
460,1.2518611838560605
461,1.2509410835382073
462,1.2498286305411173
463,1.2477639334875876
464,1.245133686957386
465,1.2431911326114495
466,1.2407361832205999
467,1.2394776422608142
468,1.2393109671992582
469,1.23816280868276
470,1.2373001575900175
471,1.2363402124622973
472,1.2363641124198095
473,1.235042638329026
474,1.2340057273613705
475,1.2342051934729203
476,1.2319544131320903
477,1.2315116030338302
478,1.231984013286191
479,1.229541581612067
480,1.2296524471092056
481,1.227250811014659
482,1.226179263395111
483,1.2283379635754146
484,1.2266614427366547
485,1.2273790048933308
486,1.227155553586438
487,1.2252822750817716
488,1.2233615815259966
489,1.2218111713464863
490,1.2215863193862087
491,1.220959915426965
492,1.2188576473592025
493,1.2178644591001835
494,1.2166739599266114
495,1.2148593531443437
496,1.2135579540820574
497,1.2120648869917916
498,1.2104203529203124
499,1.208839542547796
500,1.2079625100016704
501,1.2073496481748442
502,1.2054769188830907
503,1.2049864695072396
504,1.2030026047246456
505,1.202346874952148
506,1.2015253795751282
507,1.2004987890978727
508,1.1990893854314273
509,1.1972224572300467
510,1.1968188925305274
511,1.1967077711227174
512,1.1946970015854181
513,1.1935286773419795
514,1.1939658296665974
515,1.1930024493022722
516,1.191433381069577
517,1.18995009623368
518,1.1894693382088024
519,1.1888093363645942
520,1.1870740932521056
521,1.1858700814786878
522,1.187329956381824
523,1.187177747750175
524,1.1859483203475405
525,1.1841356375631755
526,1.1822215650336603
527,1.1807637827383222
528,1.1795869865629145
529,1.1791406614418034
530,1.1781428174243271
531,1.1771275637967642
532,1.1767879996209714
533,1.1750111601125424
534,1.172973807705261
535,1.1709367853562374
536,1.1707619894839194
537,1.1710404951693043
538,1.1700644858805318
539,1.1680855348649892
540,1.1663651481064607
541,1.1665258790745052
542,1.1663193474842417
543,1.1662096849429862
544,1.1651628208478462
545,1.1655184471207154
546,1.1636916300226137
547,1.161656777652404
548,1.1614290565129102
549,1.160285521438276
550,1.1606906631278586
551,1.1604827165902567
552,1.1598452074973804
553,1.1588182882311924
554,1.1573022179291381
555,1.156073301759202
556,1.1556566227843053
557,1.1541467014733888
558,1.1551568161355046
559,1.1558588425422796
560,1.1546836922191843
561,1.1541286747788209
562,1.1524135270540505
563,1.1510011744291941
564,1.1495601529546338
565,1.14801100768579
566,1.148307894579243
567,1.1482141162597361
568,1.1474420277247475
569,1.1474780951228494
570,1.1471672679752547
571,1.1454901290193489
572,1.1445908424231872
573,1.1435945005901598
574,1.142765291169828
575,1.1443297348677026
576,1.1423820238762776
577,1.1409312734685901
578,1.1405437598427262
579,1.1401171168211903
580,1.1384772064691107
581,1.1372687360760194
582,1.1367409960287584
583,1.1371311566003097
584,1.1361027240129866
585,1.1348285830390599
586,1.1331824057124815
587,1.1319693432226205
588,1.1302203541356812
589,1.1289233958093194
590,1.1276092073738084
591,1.1261667295065938
592,1.1243419592899286
593,1.1234083496654412
594,1.1228851068837566
595,1.1220174859132586
596,1.1214733519919526
597,1.1204504915987297
598,1.1206170208169641
599,1.1192113420279395
600,1.1188039913965
601,1.1177389575332703
602,1.1167649964284596
603,1.1158152975977083
604,1.1155664070554006
605,1.1152069688293091
606,1.1139195023533366
607,1.1151190996353384
608,1.1136326193893904
609,1.1127084986007116
610,1.111871840354743
611,1.1113553669778717
612,1.1101931529238656
613,1.1089959447380602
614,1.1075198261842516
615,1.1065399313684772
616,1.1048448426299775
617,1.103546044525055
618,1.1024514381357826
619,1.1015262458116932
620,1.099800848550171
621,1.0990795555191968
622,1.0976634704255759
623,1.0967924021375492
624,1.0960001587092174
625,1.094472747997761
626,1.093328968608279
627,1.0916364298729204
628,1.0907349315827288
629,1.090682514339647
630,1.0903023426924356
631,1.0893985799021304
632,1.0881099147363742
633,1.0882561989611819
634,1.087436952969182
635,1.0863380270614407
636,1.0856929893255576
637,1.0857652310039152
638,1.0862622139685953
639,1.0862566950274635
640,1.0848311267372641
641,1.0843217871862887
642,1.0844189893526532
643,1.0841387348020743
644,1.0831802913862225
645,1.0823633510140345
646,1.0817705683888672
647,1.0803213217286145
648,1.079816347287339
649,1.07843235740294
650,1.0781464537944276
651,1.0780404878006913
652,1.0764293168332313
653,1.0761247698677447
654,1.075348098969765
655,1.0741795113684727
656,1.0725986403639285
657,1.0714910144072154
658,1.0707685704669254
659,1.071359083169761
660,1.0708176384284689
661,1.0695054585382553
662,1.0686189308944798
663,1.06727547151031
664,1.0665368458341844
665,1.0658041714092736
666,1.0652221969331241
667,1.0641139468962215
668,1.0628015914374658
669,1.063831275591594
670,1.0623437218162979
671,1.061822094834578
672,1.0616284292278804
673,1.0607230161044008
674,1.0600504271200082
675,1.0585198817282138
676,1.057421337697282
677,1.0564130272373498
678,1.0552343202281231
679,1.0543275746751966
680,1.0534322291744609
681,1.0523447329010291
682,1.0521079169128087
683,1.050874081112579
684,1.0500718663228499
685,1.0487837439554077
686,1.0484524782307827
687,1.0479410329400425
688,1.0469484924787396
689,1.0461608511743477
690,1.0451772149886769
691,1.04374001008283
692,1.0430584406728438
693,1.0422768756439307
694,1.041993654921738
695,1.041646410105972
696,1.0402505169401854
697,1.0396619610610194
698,1.0392457621871607
699,1.0391822664070285
700,1.0389591883233986
701,1.0375225922091373
702,1.0363232676027339
703,1.035194173581619
704,1.0339630009783565
705,1.0356275624750537
706,1.0344372592182753
707,1.0331841250694838
708,1.0320632277694934
709,1.0306595696691376
710,1.0295351652295903
711,1.0285788844066384
712,1.0281755596850697
713,1.0270884246594878
714,1.0266317880663727
715,1.0252532527896445
716,1.0238775565631268
717,1.0231610305710561
718,1.0218468132543796
719,1.0207884390742779
720,1.0196987119490215
721,1.0192788151862233
722,1.018127305262618
723,1.018445930124804
724,1.0178123540800745
725,1.0169402274121306
726,1.0158245318007393
727,1.0149426263787282
728,1.0143335615350602
729,1.0138542047847592
730,1.0144720867513566
731,1.0142026966506503
732,1.0145231394083094
733,1.013428075956944
734,1.0135792807529882
735,1.0127762636934632
736,1.0115380816366368
737,1.0111570288058243
738,1.01034162867726
739,1.0099250198699798
740,1.0101501075455923
741,1.010276914848164
742,1.0103166237252343
743,1.011542596003844
744,1.0124165908426248
745,1.0118270291241394
746,1.0119914771693528
747,1.011251621930783
748,1.010540365998432
749,1.0099117496799155
750,1.0093116885642932
751,1.0085443293824807
752,1.008452668743643
753,1.0073136032200865
754,1.0073864643599135
755,1.0066382293634688
756,1.0071399344802172
757,1.0060310450289296
758,1.0052390464041665
759,1.004016014500067
760,1.00285139322158
761,1.002828958754868
762,1.0017809768159174
763,1.0010389228147343
764,1.0002172660116013
765,1.0004863153726749
766,0.9993897782053982
767,0.9988643192938805
768,0.9980537539721674
769,0.9978095365219384
770,0.9970450955740864
771,0.9977852310657995
772,0.9972180583706179
773,0.9968350800994727
774,0.9956141195246824
775,0.9943495649330815
776,0.9944504306257306
777,0.9940484661698795
778,0.9934472950428728
779,0.9936802478274219
780,0.9926282842707465
781,0.9924959750238066
782,0.9913015602141442
783,0.9908895221429677
784,0.9897729782678952
785,0.9888472302684362
786,0.9877931733946926
787,0.9872578936815617
788,0.9877141667915049
789,0.9870621338401991
790,0.9858525477535898
791,0.984924710097466
792,0.9839859349027235
793,0.983658438596878
794,0.9828590893611671
795,0.9827050494803057
796,0.9824573418033319
797,0.9814240623344944
798,0.980374704481758
799,0.9803000626915467
800,0.9791254699481776
801,0.9787781622258962
802,0.9795845846227978
803,0.979125195877667
804,0.978107921127052
805,0.9770303153681695
806,0.9771067622303434
807,0.9771655677874932
808,0.9762665706605292
809,0.9757606977065361
810,0.9752586154758507
811,0.9744781707586938
812,0.9738385360320124
813,0.9735875687968648
814,0.9725235616251072
815,0.9731605661845351
816,0.9726728028756573
817,0.9717296076793731
818,0.9713697281731909
819,0.9708319889268927
820,0.9705983539935535
821,0.9695234636623409
822,0.9688739866767051
823,0.9695072143314891
824,0.9688159848807906
825,0.9683967488747682
826,0.9672564424054835
827,0.9674440991247054
828,0.9673478013444547
829,0.9663157070874961
830,0.9654888213795685
831,0.9643938298305187
832,0.9635759754284077
833,0.9629199289519301
834,0.9619549484550302
835,0.9612646939422695
836,0.960374921831222
837,0.9592390498456227
838,0.9584258602061028
839,0.9575606579992245
840,0.9575675913961708
841,0.9577601916021108
842,0.9566679619634849
843,0.9557922610394506
844,0.9547621154117527
845,0.9545661581768705
846,0.9535598719806359
847,0.9526868834854243
848,0.9519566955266736
849,0.9508955927801533
850,0.9499394626768362
851,0.9494101877782993
852,0.9495371180629715
853,0.9490151770169588
854,0.9488064322673656
855,0.9484089828330811
856,0.9485043667374373
857,0.9486412412177418
858,0.9480742566915118
859,0.9474440154843354
860,0.9466540157557403
861,0.9459559765893252
862,0.9451707734158762
863,0.9446153144082525
864,0.9438401590542068
865,0.9431108816986052
866,0.9425757986751316
867,0.9423706159524774
868,0.9417005029380813
869,0.9407573189618741
870,0.9410663720413561
871,0.9426812119919997
872,0.9417765987478413
873,0.9409827670938219
874,0.940015891811406
875,0.9393031398619015
876,0.9387952124579426
877,0.9381067573004358
878,0.9378298682396184
879,0.9372457262024088
880,0.9366459613967423
881,0.9368069652367448
882,0.9358320756786547
883,0.9357568027526747
884,0.9356729934287603
885,0.9355599888212263
886,0.9364470316343431
887,0.9363277605935657
888,0.9359714148168816
889,0.9362812304350107
890,0.93669567511689
891,0.9358575741797922
892,0.9355698252009744
893,0.9352805395277136
894,0.9359436821691413
895,0.9351256184759276
896,0.9345743836068445
897,0.9353155671338651
898,0.9356664417372298
899,0.9355233062344125
900,0.9347494887588749
901,0.9340508919448933
902,0.9336508729078671
903,0.9340987103457978
904,0.9345361908931746
905,0.9341496986363113
906,0.9333460607587981
907,0.932347011421238
908,0.9325351494946897
909,0.932102251083785
910,0.9316951105934481
911,0.9310705326382036
912,0.9311922530474397
913,0.931261711707975
914,0.9313359193737945
915,0.9321120635082423
916,0.9329139852882027
917,0.9322391240079471
918,0.9317892848846923
919,0.931232176466289
920,0.931611278638764
921,0.9323822794204907
922,0.933520211300642
923,0.9332531772428119
924,0.9333386813015181
925,0.9338729074370328
926,0.9339891513452293
927,0.9344278951997183
928,0.9336691593919781
929,0.9330148258244741
930,0.9338600935591863
931,0.9331843566967446
932,0.9328142369463752
933,0.9325528771612588
934,0.9329515951680666
935,0.9321225095063947
936,0.9321279660646603
937,0.9317246206499241
938,0.9311192222503012
939,0.9305887990176855
940,0.9313566027988841
941,0.9304381678107652
942,0.9302266232455649
943,0.9300275726362026
944,0.9293626013416908
945,0.9298923757047981
946,0.9289463933218531
947,0.9283013751162161
948,0.9285038221353297
949,0.9287624275383768
950,0.9281273054374302
951,0.9277167850755266
952,0.9267739310368964
953,0.926397575590882
954,0.9260527570820691
955,0.9259778613662982
956,0.9250434165507618
957,0.9244613152047991
958,0.9236919594183708
959,0.9231677124927162
960,0.9224576787503482
961,0.922031609642521
962,0.9217443675986697
963,0.9211008816364927
964,0.9203714553833097
965,0.9198301959181374
966,0.919273856528327
967,0.9191523777442882
968,0.9182581145710099
969,0.9176670180847298
970,0.9169796897821536
971,0.9162788844518842
972,0.9171732023062691
973,0.9165449719434197
974,0.916306547001333
975,0.9153729441421425
976,0.91469882233543
977,0.9138430912039316
978,0.9142339556328415
979,0.9140076631190537
980,0.9132760166914825
981,0.9131433147652858
982,0.9123978299103417
983,0.9116700396484111
984,0.9109213079534052
985,0.9104146245312327
986,0.9100213435929253
987,0.909412812375726
988,0.9085655074580606
989,0.9085951831169713
990,0.9082566156847715
991,0.9086132706586435
992,0.9080114215576037
993,0.9077736062952959
994,0.9071038813609923
995,0.9062180007582219
996,0.9057051229135886
997,0.9059261121059075
998,0.9054019035761957
999,0.9050964946373113
1000,0.9042551815898026
1001,0.9036936665100987
1002,0.9035738437343688
1003,0.9035012094679077
1004,0.9027434529876448
1005,0.9022725113252221
1006,0.9019382069527683
1007,0.9013262651546136
1008,0.9011135347048959
1009,0.9003412053048505
1010,0.9010622803386993
1011,0.9002805672909969
1012,0.8998210088680728
1013,0.8991938885204467
1014,0.8999351226409547
1015,0.8993533626051892
1016,0.898874470789212
1017,0.8984682545201216
1018,0.8978209429208415
1019,0.8974297891655727
1020,0.8969550436211826
1021,0.8965717929489817
1022,0.8957292689159876
1023,0.8954798150302541
1024,0.8958018188496832
1025,0.895286070788808
1026,0.8955018713052104
1027,0.8949662600793384
1028,0.8943922812916182
1029,0.8939057812034253
1030,0.8930821643281255
1031,0.8930629837285285
1032,0.8930729412434669
1033,0.8928690068312793
1034,0.8921747768145879
1035,0.8936462620104407
1036,0.8932435075602233
1037,0.8928185217965746
1038,0.8921618260870422
1039,0.8915727147106652
1040,0.8912890830258431
1041,0.8912002049846348
1042,0.8904121682621841
1043,0.8906991817789474
1044,0.8906439209185104
1045,0.890233909002286
1046,0.8899923640840212
1047,0.8895881648352129
1048,0.8888937882111241
1049,0.8881826505248712
1050,0.8875803580359154
1051,0.886803557696361
1052,0.8861171627769571
1053,0.8857784111321891
1054,0.8851645472328845
1055,0.8844553127460004
1056,0.8839586637902165
1057,0.8834519911957998
1058,0.8830415708777345
1059,0.8828445335825512
1060,0.8831300558464606
1061,0.8843340515706095
1062,0.8844475361215228
1063,0.8838007733644943
1064,0.8843670266992938
1065,0.8845125657206994
1066,0.8841776797613785
1067,0.8843465165825599
1068,0.8839297179714429
1069,0.8832075623258142
1070,0.8826733741310708
1071,0.8825501193677664
1072,0.8821395361204926
1073,0.881934064254716
1074,0.8813898216699998
1075,0.8805857572518045
1076,0.8805266638229876
1077,0.8816997322871295
1078,0.8812103293232615
1079,0.8805208179320468
1080,0.8800322039754537
1081,0.8796960570972291
1082,0.8789414712556587
1083,0.8784246600570512
1084,0.8777427722232066
1085,0.8769855128948517
1086,0.8763835354213779
1087,0.8762990055893302
1088,0.8756653552911818
1089,0.8756177442323677
1090,0.8755541218923816
1091,0.8748463532342251
1092,0.8746078283884007
1093,0.8747018364104565
1094,0.8742608104248013
1095,0.8736260903772204
1096,0.8733863967518117
1097,0.8726463838195704
1098,0.8725441532762698
1099,0.8720876500014153
1100,0.8714344115809938
1101,0.8707665070159825
1102,0.8707122100008239
1103,0.870144677008995
1104,0.8694332059003813
1105,0.8691420658135123
1106,0.8684071710013933
1107,0.8679385735907834
1108,0.8675116074409733
1109,0.8677836158061442
1110,0.867310084151469
1111,0.8674449657679585
1112,0.8671191026027475
1113,0.8665832955009418
1114,0.8658873012083941
1115,0.8658417844355197
1116,0.8653697429454802
1117,0.865270409362375
1118,0.8645982463872908
1119,0.8639192989831425
1120,0.8636593073023707
1121,0.8629006510350179
1122,0.8623195563322019
1123,0.8620393149093267
1124,0.8616459274618247
1125,0.8612386031219578
1126,0.8604804956002088
1127,0.8601660639297879
1128,0.8599135644153163
1129,0.8593798618923519
1130,0.8586746661621717
1131,0.8580575809884075
1132,0.857737765552368
1133,0.8571446125182041
1134,0.8572292688045557
1135,0.8565228282512142
1136,0.8560016722740252
1137,0.8553636857288976
1138,0.8553604914483891
1139,0.8555918276216059
1140,0.8552091739860456
1141,0.85529985987596
1142,0.8548381912768431
1143,0.8552720909282499
1144,0.854529953458682
1145,0.8539187686855119
1146,0.8534927729210932
1147,0.8530410654712883
1148,0.8523204224433989
1149,0.8519723151117091
1150,0.8518493499458502
1151,0.8514101461635192
1152,0.8516206404888343
1153,0.8521102801919495
1154,0.8518361923395801
1155,0.8523280173398247
1156,0.852086514044397
1157,0.8520870386261932
1158,0.8514210380009447
1159,0.85101574377761
1160,0.8506999500541125
1161,0.8499725356268821
1162,0.8500091009740901
1163,0.8507588057524319
1164,0.8501373840281288
1165,0.8497456108352663
1166,0.8493015529576162
1167,0.8487319057162673
1168,0.8487925262198881
1169,0.8487180811044622
1170,0.8486010905476089
1171,0.848230513876048
1172,0.8475601948495528
1173,0.8472220035739358
1174,0.8465838383517913
1175,0.8462188150048141
1176,0.846211391375022
1177,0.846098680729175
1178,0.8457441967689378
1179,0.8456254538164673
1180,0.8455514268853246
1181,0.8453779772599258
1182,0.845054611395858
1183,0.8445665897156036
1184,0.8441563921439443
1185,0.8438605395224059
1186,0.8431842223658339
1187,0.8434249203993937
1188,0.8429374166186293
1189,0.8422486321793546
1190,0.841697756379676
1191,0.8416860463999104
1192,0.8412068891373783
1193,0.8410117593575
1194,0.8406129455478841
1195,0.8404491688721599
1196,0.8399445389012119
1197,0.8396118802279439
1198,0.8395199857564891
1199,0.8393491673572144
1200,0.8388791721197434
1201,0.8392985360807385
1202,0.8397155632977904
1203,0.8393607675313742
1204,0.8392366056327778
1205,0.8390485934704378
1206,0.8384550179474252
1207,0.8377944973594227
1208,0.8383323018084902
1209,0.8381011849159337
1210,0.8376231101874114
1211,0.8369440905641325
1212,0.8369873931793173
1213,0.8363388665709692
1214,0.8364965721491723
1215,0.8360462429487958
1216,0.8359744776921418
1217,0.8355277941867065
1218,0.8348566778310027
1219,0.8348376888079291
1220,0.8342851651692078
1221,0.8343504206451827
1222,0.8338510574030696
1223,0.8343871422826321
1224,0.8340964823473328
1225,0.8338708434457259
1226,0.8336903871213122
1227,0.8333641690217444
1228,0.8335165325312182
1229,0.8329723462223972
1230,0.8324557743635937
1231,0.8325986062886852
1232,0.8330005805511439
1233,0.8327379915227439
1234,0.8331988099745432
1235,0.8327327362327881
1236,0.832185829098309
1237,0.8319875071490875
1238,0.8321261648453031
1239,0.8324319137620004
1240,0.8321495350942953
1241,0.8315066376123291
1242,0.8312340791893156
1243,0.8307156376235371
1244,0.830245612248204
1245,0.8300167655802306
1246,0.8293688622014543
1247,0.8290847062520662
1248,0.8290179285415235
1249,0.8289101439191701
1250,0.8290553235109736
1251,0.8297565681770993
1252,0.8291234086062321
1253,0.8285186580630188
1254,0.8278767919041666
1255,0.8274257660626967
1256,0.8276110034272558
1257,0.8274666953326588
1258,0.8275930990995514
1259,0.8273667078912075
1260,0.8281143104100611
1261,0.8283742470982906
1262,0.8283571482212259
1263,0.8282488240756292
1264,0.8278553131808207
1265,0.827463508726096
1266,0.8269127604776961
1267,0.8264196601797
1268,0.8265121297715728
1269,0.8264053004783882
1270,0.8260300759443806
1271,0.8263844378364877
1272,0.8257432406297536
1273,0.825473805611211
1274,0.8253278548722067
1275,0.8250269509880831
1276,0.8246015648808281
1277,0.8252232900094368
1278,0.8246869152513129
1279,0.8240465477099137
1280,0.8236227089624725
1281,0.8230524683492438
1282,0.8226017272422675
1283,0.8223831562700242
1284,0.8218021353933296
1285,0.8213140658065198
1286,0.8208212156353191
1287,0.8203729377178272
1288,0.8198935215337564
1289,0.819287534293064
1290,0.8189064432006689
1291,0.818571143288128
1292,0.8182614665346001
1293,0.8179103159039808
1294,0.8173766737530828
1295,0.8171045272628153
1296,0.8168005679315659
1297,0.8164147630720466
1298,0.8162251346880833
1299,0.8156216644873854
1300,0.8151603460228231
1301,0.8145963233091764
1302,0.8146863055551833
1303,0.8151145122038863
1304,0.8154786381095703
1305,0.8149402746064216
1306,0.8143642189673276
1307,0.8140407083940553
1308,0.813735027690656
1309,0.8131884740681524
1310,0.813337156017941
1311,0.8127242589778907
1312,0.8131240564475967
1313,0.8125446892437054
1314,0.8126775212765189
1315,0.8120908635008748
1316,0.8116518785215496
1317,0.8117086109435457
1318,0.8115727715500912
1319,0.811013671200077
1320,0.8106519528719905
1321,0.8111334844347782
1322,0.8105256527563117
1323,0.8101737153988433
1324,0.8100563296925797
1325,0.8106127653834174
1326,0.8103416868314366
1327,0.8100811135824997
1328,0.8094903985151041
1329,0.8096997835271412
1330,0.8100291087666116
1331,0.80956072718252
1332,0.8089910571273448
1333,0.8090483584408162
1334,0.8087877878505976
1335,0.8089595899194977
1336,0.8084706029066087
1337,0.8083418171351059
1338,0.8085527095822732
1339,0.8087746755235258
1340,0.8083729444692787
1341,0.8083256002898472
1342,0.8089848411931232
1343,0.8087510384830936
1344,0.8081520789432419
1345,0.8075685396067277
1346,0.8075128385533129
1347,0.8070902407943673
1348,0.8066971692326096
1349,0.8068476653294284
1350,0.8066641014093796
1351,0.8063500223037816
1352,0.8059319042066108
1353,0.8058052375849899
1354,0.8059140407356071
1355,0.8057108466290711
1356,0.805190016613266
1357,0.8046617382968333
1358,0.8041533476375273
1359,0.8038215386571292
1360,0.8033775618836669
1361,0.8039859757004431
1362,0.8037808702592466
1363,0.803415660559365
1364,0.8034304238156731
1365,0.8035344104703455
1366,0.8038428172482855
1367,0.8035703869244213
1368,0.8041766146429686
1369,0.8050018527369903
1370,0.8046152099090484
1371,0.8043494728362077
1372,0.8039048942526392
1373,0.803321526713758
1374,0.8029225209990631
1375,0.8025190204742919
1376,0.8021915304068887
1377,0.801675311543925
1378,0.801352955841539
1379,0.8014101979017537
1380,0.8010987535631908
1381,0.8006381281420759
1382,0.800824938468131
1383,0.8005806256900377
1384,0.8003823845847778
1385,0.7998816072968341
1386,0.7993481749852104
1387,0.7993358231654929
1388,0.7989327334676405
1389,0.798892697331896
1390,0.7986371251255494
1391,0.7989612626646758
1392,0.79843745821955
1393,0.7979420645729745
1394,0.797653897152006
1395,0.7974160309614532
1396,0.7970225317059186
1397,0.7964621295989397
1398,0.7959828239892323
1399,0.7961679794554467
1400,0.7957098521547118
1401,0.7955568041197659
1402,0.795221255661208
1403,0.7952087669179653
1404,0.7947799143822122
1405,0.7942669238459216
1406,0.7942089421424918
1407,0.7936746284818059
1408,0.7933629629437853
1409,0.7931029203799265
1410,0.7937044886230651
1411,0.7931930849293725
1412,0.7927419293542433
1413,0.79231134303021
1414,0.7924416761113594
1415,0.7923238685878015
1416,0.7921706901374997
1417,0.791670145759457
1418,0.7912110787394
1419,0.7906972230798649
1420,0.7903919489589583
1421,0.7901687236949737
1422,0.7896189621409251
1423,0.7891180649687132
1424,0.7887015100130358
1425,0.7882887551994187
1426,0.7879880969709697
1427,0.7876197536006602
1428,0.7870711376194597
1429,0.786637419026488
1430,0.7870262765176196
1431,0.7874550917702189
1432,0.7880462273064425
1433,0.7876526003398878
1434,0.7875345708945453
1435,0.7874119486603646
1436,0.7878564866121599
1437,0.7874529987914093
1438,0.7869922569811685
1439,0.7867109731887488
1440,0.7863672716049622
1441,0.785950465705187
1442,0.7854489845746235
1443,0.7856481842903393
1444,0.7853517126498427
1445,0.784853203422487
1446,0.784621682752897
1447,0.7854037462064272
1448,0.7852874854615758
1449,0.7848358778635638
1450,0.7845062762309817
1451,0.7842684414552717
1452,0.783804981936573
1453,0.7847667146930896
1454,0.7843176218634275
1455,0.7840790345910986
1456,0.7839613128157642
1457,0.7839710661459329
1458,0.7839561360886548
1459,0.7844886852125821
1460,0.7839870064111505
1461,0.783796014968095
1462,0.7841620914819838
1463,0.7843163459222272
1464,0.7846602936498057
1465,0.7844579970345106
1466,0.784508204875496
1467,0.7844832091863605
1468,0.7840879555306598
1469,0.7836629957294248
1470,0.7833812936087151
1471,0.7830865215450993
1472,0.7831644124431094
1473,0.783411863050465
1474,0.7830701102943043
1475,0.7827779952864298
1476,0.7826411262374445
1477,0.784241809643531
1478,0.7841627455836963
1479,0.7841068293676552
1480,0.7837274420232369
1481,0.7834610105810998
1482,0.7836808404037083
1483,0.7831840371596539
1484,0.7834027917379542
1485,0.7836456829695664
1486,0.78326668144035
1487,0.7828710581971853
1488,0.7827559414809355
1489,0.78289963743659
1490,0.7825440804907329
1491,0.7821795541252654
1492,0.7819832234625241
1493,0.7815231728960612
1494,0.781449313968884
1495,0.7809362619040036
1496,0.7807366934333427
1497,0.7806463797429447
1498,0.7804723662187981
1499,0.7802165534464011
1500,0.7798504526321434
1501,0.7806857055220718
1502,0.7802130315695726
1503,0.780449963341911
1504,0.7803504928451002
1505,0.7800440674900236
1506,0.7800357986644573
1507,0.7803313020903834
1508,0.7804646557204462
1509,0.780023488864556
1510,0.7799367499286312
1511,0.7797179338397658
1512,0.7796483153303988
1513,0.7792013147060152
1514,0.7787380691953636
1515,0.778235003872946
1516,0.7780670489115595
1517,0.777784605870058
1518,0.7776863010749964
1519,0.7773496285393674
1520,0.7770191647104254
1521,0.776775629102836
1522,0.7770290573154733
1523,0.7768392909722384
1524,0.7763750075213478
1525,0.7761428424638686
1526,0.7757862603765245
1527,0.7756479868477834
1528,0.7757421948924136
1529,0.7754358781256683
1530,0.7753921414157149
1531,0.7760513923865241
1532,0.7757233287780477
1533,0.7755573931848044
1534,0.7751050428503352
1535,0.7746797316381645
1536,0.7743296555519642
1537,0.7742670149879146
1538,0.7738639783441604
1539,0.7736928645249748
1540,0.7735388186842156
1541,0.7731340742122863
1542,0.773495865719772
1543,0.7736937423567013
1544,0.7735320874135672
1545,0.77365587786903
1546,0.7734696424113359
1547,0.7730000868629671
1548,0.7726934899097372
1549,0.772722152505454
1550,0.7722710799785036
1551,0.7719892079159274
1552,0.7716082278953648
1553,0.7714031798105904
1554,0.7709930982538503
1555,0.7712237766809289
1556,0.7710993156453761
1557,0.7706177620967846
1558,0.7704448832023303
1559,0.7701684470764543
1560,0.7698026178271206
1561,0.7696343315292792
1562,0.7696001561268931
1563,0.769562558557754
1564,0.769248865125419
1565,0.7689203826347766
1566,0.7688101016383022
1567,0.7684733004476767
1568,0.7679942041630761
1569,0.76753670828595
1570,0.7676333638078776
1571,0.7674519576789659
1572,0.7677007234183381
1573,0.7672612321840753
1574,0.7671105568177744
1575,0.7667100547352842
1576,0.7665084590796665
1577,0.7660318287357599
1578,0.7657585483361523
1579,0.7656614329872442
1580,0.7655619802885847
1581,0.7652230627428508
1582,0.7647721533879068
1583,0.7644072916780842
1584,0.7644527976108106
1585,0.7642772390332611
1586,0.7644799449118734
1587,0.7640552754420696
1588,0.7637833731301755
1589,0.7633623045338019
1590,0.7634319205292336
1591,0.7632869203936303
1592,0.7633013523495474
1593,0.763458251350986
1594,0.7632514857760363
1595,0.7634018232392312
1596,0.7635120305858791
1597,0.7632766951287624
1598,0.7630646349731524
1599,0.7626732350837693
1600,0.7628508544104292
1601,0.7624934856610217
1602,0.7621023559064504
1603,0.7621187509389451
1604,0.7617703422011268
1605,0.7614801273707174
1606,0.7613779728019491
1607,0.7611230773382213
1608,0.7607052607890183
1609,0.7607813815884685
1610,0.7604502329304174
1611,0.7601052594853198
1612,0.7599257872815978
1613,0.7597835140718835
1614,0.7593431791116289
1615,0.7592655619919866
1616,0.7598406193664274
1617,0.7595719760586813
1618,0.7591994902110099
1619,0.7588220290674645
1620,0.7584927134776007
1621,0.7582194736316074
1622,0.757973879889837
1623,0.7576332971775874
1624,0.7578556504727783
1625,0.757642691868289
1626,0.7574697315850865
1627,0.7574683779220562
1628,0.7570103887017772
1629,0.7568769257990107
1630,0.7573920747852517
1631,0.757528097913799
1632,0.7570919564725733
1633,0.7566344677504572
1634,0.7567217540818345
1635,0.7565942038993653
1636,0.7565423208454197
1637,0.7564044599769498
1638,0.7561417005686445
1639,0.7560034229580559
1640,0.7559296262804621
1641,0.7557849954462879
1642,0.7553399394075221
1643,0.7550579327557151
1644,0.7547045363185456
1645,0.7542476673683495
1646,0.7539377251356875
1647,0.7534823649114197
1648,0.753147538615989
1649,0.7531890100762865
1650,0.75291796303312
1651,0.7528316579088626
1652,0.752456612910578
1653,0.7524596418430624
1654,0.7520854556630857
1655,0.7519457441619875
1656,0.7516823538983516
1657,0.7512941332001746
1658,0.7509947896580511
1659,0.7506146307815152
1660,0.7505504781230926
1661,0.7508748341669231
1662,0.7509907038867653
1663,0.750572227465747
1664,0.7503717957418061
1665,0.7499392739207227
1666,0.7501782956239056
1667,0.7497374431980607
1668,0.7495243832896203
1669,0.7494251833873591
1670,0.7493556163935802
1671,0.7490872668426961
1672,0.7489794463795163
1673,0.7485594742760776
1674,0.7483758648886955
1675,0.7480682124970958
1676,0.7478276629575302
1677,0.7476503232950371
1678,0.747836547677209
1679,0.7478205032281509
1680,0.7478195293310272
1681,0.747417611922213
1682,0.7476784416095765
1683,0.7476116901309707
1684,0.7476880474768972
1685,0.7473168565786411
1686,0.7475784260967719
1687,0.7479827300958233
1688,0.7478303581128289
1689,0.7475451304453898
1690,0.7472781159425133
1691,0.7471386385265685
1692,0.7473140227861859
1693,0.7470296252107934
1694,0.7466809709920142
1695,0.7463259050745081
1696,0.7459974438086352
1697,0.7459837018867499
1698,0.7456648536188218
1699,0.7456120736347384
1700,0.7453854058182388
1701,0.7455519086649948
1702,0.7457061266163066
1703,0.7454305602960134
1704,0.7454151398117084
1705,0.7454375916448756
1706,0.7456470232126763
1707,0.7453548847895249
1708,0.7451374766007374
1709,0.7450210496160256
1710,0.7449998105350191
1711,0.7446193074842469
1712,0.7443922159702385
1713,0.7447025892133754
1714,0.7446524912726122
1715,0.7442619458428059
1716,0.7438775882624672
1717,0.7440112649424393
1718,0.7435890093863889
1719,0.7431932076588761
1720,0.7428983965597947
1721,0.7428396787136301
1722,0.7424955875000943
1723,0.7426074751343233
1724,0.7422019343814105
1725,0.7418413426424072
1726,0.7423209612932754
1727,0.7426714600199644
1728,0.742437506173525
1729,0.742160205681727
1730,0.7419230782087703
1731,0.7420095213381307
1732,0.7417002226665658
1733,0.7413358987969374
1734,0.740927219487101
1735,0.741109319370167
1736,0.7412580821860085
1737,0.7408866797289199
1738,0.7405136367881049
1739,0.7402269606199404
1740,0.7398736867872168
1741,0.7397630140099613
1742,0.7400150981818018
1743,0.7398288674406154
1744,0.7394476981219532
1745,0.7393878023559378
1746,0.7391236458695252
1747,0.7392367901677807
1748,0.7390698242771084
1749,0.7388285477640106
1750,0.738944047268376
1751,0.7387397994804994
1752,0.7387338370174622
1753,0.7387210426021801
1754,0.7383064938552372
1755,0.7381160145186235
1756,0.7378049613201899
1757,0.7375516951167314
1758,0.7374307762584763
1759,0.7370248749316046
1760,0.7367007093436008
1761,0.7364905514912958
1762,0.7363146327601756
1763,0.7359346843006216
1764,0.7355804183206547
1765,0.7355787356902814
1766,0.73582658009736
1767,0.7354173127482719
1768,0.7351762240991199
1769,0.7348906847009418
1770,0.7346628299982103
1771,0.7343402129357876
1772,0.7341370248671086
1773,0.7339954996246953
1774,0.7342462388805735
1775,0.7339501101947243
1776,0.7335627599447063
1777,0.7335003688021619
1778,0.7335753371690341
1779,0.7332480882739807
1780,0.7331371456797744
1781,0.7331721544101545
1782,0.7332910972778063
1783,0.7330949195628904
1784,0.7332234942199762
1785,0.7329199965798683
1786,0.7326574600785778
1787,0.7322713375829814
1788,0.7320652199495383
1789,0.7318025997711373
1790,0.7319018667016942
1791,0.7321583600495379
1792,0.7325058699256202
1793,0.7321513437872506
1794,0.7319857560960912
1795,0.7315942285590702
1796,0.7313676590888991
1797,0.7312929345061276
1798,0.7309103947727464
1799,0.7306366653794982
1800,0.7306785796420422
1801,0.7307600460681045
1802,0.7304616094016994
1803,0.7300903480909282
1804,0.729805914649265
1805,0.7294100479142481
1806,0.7290640443354319
1807,0.7286659722575017
1808,0.7286231617034437
1809,0.7282701628058019
1810,0.7280894795047261
1811,0.7282536570404236
1812,0.7278531637791512
1813,0.7277886035077146
1814,0.7278556048739059
1815,0.7279480186803581
1816,0.7278196403881849
1817,0.7275097703332057
1818,0.7274065401777372
1819,0.7270433844075697
1820,0.7266992938497557
1821,0.7266512843044503
1822,0.7263378883814333
1823,0.7264385081008257
1824,0.7263090432364474
1825,0.7259478609566535
1826,0.7255570702362333
1827,0.7253147661662921
1828,0.7250165772722699
1829,0.7246423319680129
1830,0.7244068968796875
1831,0.7241053704659365
1832,0.7237782020552973
1833,0.723575173090988
1834,0.7235889009165771
1835,0.7234332588426099
1836,0.7230421298533949
1837,0.722880739516189
1838,0.7228368983141945
1839,0.722630987917893
1840,0.722601394892538
1841,0.7225578132855925
1842,0.7223714880967267
1843,0.7220074028632789
1844,0.7217249630212298
1845,0.7217722285449892
1846,0.7213995720012756
1847,0.7211251561673375
1848,0.7208645321587988
1849,0.7208460674538005
1850,0.7208104065578689
1851,0.7204495976048217
1852,0.7200638758810605
1853,0.7202634870121098
1854,0.7199570104810767
1855,0.7200439367832783
1856,0.7198396471300758
1857,0.7194646632058389
1858,0.719084746849918
1859,0.71869923447565
1860,0.7188370180663888
1861,0.7185568524311313
1862,0.7185836310266288
1863,0.71852484643631
1864,0.7182792981656522
1865,0.718037427057158
1866,0.717801913079864
1867,0.717446153414228
1868,0.7175359998594435
1869,0.7175288183384652
1870,0.7171877456016091
1871,0.7169317561070627
1872,0.7169701128221652
1873,0.716652950716994
1874,0.716567498479806
1875,0.7163995684870587
1876,0.7160354754460357
1877,0.7156907596095953
1878,0.7153348589044677
1879,0.715003626472093
1880,0.7148297597181823
1881,0.7147675151067179
1882,0.7143921144626392
1883,0.714165830017355
1884,0.7140920178522737
1885,0.7138390121666095
1886,0.713768924760111
1887,0.7134844784930396
1888,0.713332851751413
1889,0.7129942554785046
1890,0.7128751131007719
1891,0.7125240469462594
1892,0.7121545443021234
1893,0.7117805514295782
1894,0.7114492976353561
1895,0.7111017170602293
1896,0.7107784448324741
1897,0.7104969486586117
1898,0.710272344287634
1899,0.709975134963872
1900,0.7096033293687546
1901,0.7093324411016092
1902,0.709057434668727
1903,0.7088212580609362
1904,0.7084854611380735
1905,0.7083455085907587
1906,0.709240374953083
1907,0.7089652039142348
1908,0.7093153129504087
1909,0.709147657512213
1910,0.708786315963627
1911,0.708659554191858
1912,0.7087909541169929
1913,0.7086909093480839
1914,0.7084944551163105
1915,0.7088649873224164
1916,0.709229640344081
1917,0.7095730520267789
1918,0.7095150729790026
1919,0.7098925668403345
1920,0.7101114882465106
1921,0.7098301034869353
1922,0.7102733861419691
1923,0.7100213470248344
1924,0.7096539974455711
1925,0.7096103763786202
1926,0.7095758507733028
1927,0.7097402298659367
1928,0.7100827903164678
1929,0.7098427458913551
1930,0.7095705878039565
1931,0.7092137302453868
1932,0.7093612150960018
1933,0.7090662527238347
1934,0.7092573218730684
1935,0.7090088919025573
1936,0.7087701652290014
1937,0.7091490514936815
1938,0.7088556563513768
1939,0.7085775027242748
1940,0.7084348609845583
1941,0.7080823692248436
1942,0.7079952539033008
1943,0.7077608380001018
1944,0.7076518428258697
1945,0.7073554817723354
1946,0.7077537343583777
1947,0.7075474330544116
1948,0.7076148555031789
1949,0.707792374774953
1950,0.7076055773563115
1951,0.7076580716782112
1952,0.7074981999123168
1953,0.707217399120056
1954,0.7070587588725006
1955,0.7072082077632751
1956,0.7073333931075781
1957,0.7069809427304268
1958,0.7067278988908082
1959,0.7068497600632861
1960,0.7066244217446428
1961,0.7062921539640522
1962,0.7066466841214263
1963,0.7063389649282704
1964,0.7062570161868769
1965,0.7060497546273014
1966,0.7061257747538477
1967,0.7059563638295365
1968,0.7056420988868852
1969,0.7056397961312242
1970,0.7060419463052343
1971,0.7059994615081004
1972,0.7058923593833333
1973,0.7057284289163908
1974,0.7055917246460722
1975,0.7054110684390889
1976,0.7050674862641084
1977,0.7047947282955012
1978,0.7045241446940913
1979,0.7042960070013103
1980,0.704377957541342
1981,0.7041275773322742
1982,0.7037760599158815
1983,0.7034884844642054
1984,0.703154582019906
1985,0.7030128946377326
1986,0.7027738717144177
1987,0.7028855505930587
1988,0.7025676625400393
1989,0.7026008820290279
1990,0.7024134856032308
1991,0.7020798005433575
1992,0.7017459923360153
1993,0.7016678262389553
1994,0.701616870044314
1995,0.7014597425678358
1996,0.7012191893658568
1997,0.7011974373939555
1998,0.7012016376414679
1999,0.7010871519475772
2000,0.7009611497786999
2001,0.7011016621978673
2002,0.7008989876647145
2003,0.7007996907876934
2004,0.700906252060501
2005,0.7007842480490022
2006,0.7010203993150645
2007,0.700743813539332
2008,0.7004442411418205
2009,0.7004570918017357
2010,0.700211772388611
2011,0.6998657680056249
2012,0.6995760456252613
2013,0.6997240397901199
2014,0.7005506781841412
2015,0.7005124745538772
2016,0.7006498353772143
2017,0.7009627668225049
2018,0.7006963623665039
2019,0.7004219998176558
2020,0.7005477526725433
2021,0.7002665162763942
2022,0.7002830992264432
2023,0.7000593374968943
2024,0.699852138691813
2025,0.699541636121078
2026,0.6992469446875453
2027,0.6990922407075716
2028,0.6994553274884442
2029,0.6993637961891623
2030,0.6992966342648782
2031,0.6989679571330475
2032,0.6990595633307901
2033,0.6991576026192589
2034,0.6993431748623354
2035,0.6996011478136934
2036,0.699333463128761
2037,0.6992328440930293
2038,0.6989151267035608
2039,0.6987203075314631
2040,0.6986061300023199
2041,0.6983013850184853
2042,0.6980897802481141
2043,0.6982208126812223
2044,0.6980574044530634
2045,0.6980894331057385
2046,0.6987208931007031
2047,0.6984466448807966
2048,0.6986555947963164
2049,0.6984620642527731
2050,0.6982560215518866
2051,0.698289447813696
2052,0.6981656196807176
2053,0.6981775109159861
2054,0.6979869429833193
2055,0.6983376219044016
2056,0.6980113783981925
2057,0.6978213814084887
2058,0.6974937634753103
2059,0.6975307409266994
2060,0.6976189793423285
2061,0.6974164868675429
2062,0.6974821241392569
2063,0.6975405811342981
2064,0.6978578892589365
2065,0.6975717885405361
2066,0.6972420074453807
2067,0.6969375809717614
2068,0.6966924940039031
2069,0.6963805375048567
2070,0.6961187984394822
2071,0.6958398131967979
2072,0.6955125971522772
2073,0.6958842572118542
2074,0.6955663694249525
2075,0.6955334852008983
2076,0.695393197585026
2077,0.695246833859534
2078,0.6950269701774544
2079,0.694745692911052
2080,0.6945696914358144
2081,0.6943103152164355
2082,0.6940473346819914
2083,0.6939300629396145
2084,0.6936993332342071
2085,0.6934873868258886
2086,0.6934808624671995
2087,0.6932686788793151
2088,0.6930732535503801
2089,0.6929199114080834
2090,0.6927354857043739
2091,0.692586449331001
2092,0.6924642486603055
2093,0.6925955328403225
2094,0.692279775443415
2095,0.6924159746604536
2096,0.6924028474282528
2097,0.6922206586716846
2098,0.6927270548205102
2099,0.6924396605405644
2100,0.6921267700176337
2101,0.6921338760231133
2102,0.6922157825150739
2103,0.6924464950813027
2104,0.6924309441635879
2105,0.6924649262278834
2106,0.6922663805557648
2107,0.6921034822047198
2108,0.6918636108098654
2109,0.691748509084029
2110,0.691498082817389
2111,0.6912611060926902
2112,0.6909386434056631
2113,0.6910482511903379
2114,0.690914740302293
2115,0.6910170158108137
2116,0.6907204002974752
2117,0.6905309829003705
2118,0.6906746320581064
2119,0.6903564759929418
2120,0.6901033714914742
2121,0.6897822205495778
2122,0.6899006983170137
2123,0.6900524790501512
2124,0.6898832896120685
2125,0.6896504539555262
2126,0.6894025432661116
2127,0.6891231313394868
2128,0.6891008988854863
2129,0.6887819979874459
2130,0.6884845169352498
2131,0.6881725876792029
2132,0.6879010845900524
2133,0.6878721617452705
2134,0.6877739155231749
2135,0.6877798867720079
2136,0.6877517306598756
2137,0.6874897275857897
2138,0.6872951498854
2139,0.6870306256205114
2140,0.6870858285381161
2141,0.6869325687999337
2142,0.6866456045000648
2143,0.6863525247233399
2144,0.6861131011679292
2145,0.6857975073390348
2146,0.6858088392090956
2147,0.6855653132495144
2148,0.6856056987879856
2149,0.6854238850266846
2150,0.685249109993426
2151,0.6851981064073254
2152,0.6849422181101641
2153,0.6849963726353492
2154,0.6847167471754252
2155,0.684484326663466
2156,0.6842515481487987
2157,0.6842232617925154
2158,0.6839381995436109
2159,0.6836343302738346
2160,0.683350688610905
2161,0.6831375261081558
2162,0.683115976125341
2163,0.683026863604161
2164,0.6828195381439262
2165,0.6825812488954174
2166,0.6824248912354897
2167,0.682294118134843
2168,0.6820660367429301
2169,0.6820854141527557
2170,0.6822187353347785
2171,0.6820357182302682
2172,0.6818411677952835
2173,0.6815567252000819
2174,0.6815046979028604
2175,0.6812147569072605
2176,0.6813852583471586
2177,0.6810749141353726
2178,0.6812174720969829
2179,0.6810627030389952
2180,0.681329850593307
2181,0.681209102727963
2182,0.6815115778318955
2183,0.6813362139960306
2184,0.6814133198725598
2185,0.6811231549320423
2186,0.6808754984342013
2187,0.6805701642705437
2188,0.6802722254044776
2189,0.6802155656620359
2190,0.680092374823818
2191,0.6803278024494477
2192,0.6804573751747671
2193,0.6802918628856545
2194,0.680037635672375
2195,0.6797500332460804
2196,0.6796535127982108
2197,0.6793536773301211
2198,0.6793067144553766
2199,0.6789987388764792
2200,0.6787476553952138
2201,0.6789520702893785
2202,0.6787143741639533
2203,0.678431189859498
2204,0.6781791152230144
2205,0.6779969122385254
2206,0.6781159752829983
2207,0.6778609071497405
2208,0.6776868863943831
2209,0.6774505854584557
2210,0.6774515324399649
2211,0.677363359564239
2212,0.6773896819097072
2213,0.677184066031177
2214,0.6772940596480229
2215,0.6771370903827837
2216,0.6769005775210876
2217,0.6766705410956481
2218,0.6767437003862312
2219,0.6767535594954316
2220,0.6765657084884134
2221,0.6764830324797946
2222,0.6762269840194431
2223,0.6759242964201563
2224,0.6759570736319546
2225,0.6762109868453724
2226,0.6761421548822348
2227,0.6759324203418681
2228,0.6759258718368267
2229,0.6760679579584521
2230,0.6759189488172626
2231,0.6756249620432588
2232,0.6753873751110858
2233,0.6751649806582691
2234,0.6753267027421662
2235,0.6752476602064751
2236,0.6752591343197503
2237,0.6749676959130504
2238,0.6748856078235762
2239,0.6745854130360542
2240,0.6744787976930177
2241,0.6745905481066337
2242,0.6746134288461351
2243,0.6743788430077805
2244,0.6742711714946267
2245,0.6742611906076651
2246,0.6741264049705674
2247,0.6741456868713684
2248,0.673909325740234
2249,0.6740782838827145
2250,0.6743680800027363
2251,0.6742028637638595
2252,0.6739828071880857
2253,0.6737470097526479
2254,0.6735527672179008
2255,0.6732550491786142
2256,0.6730187064984285
2257,0.6736880933140916
2258,0.6737277203415099
2259,0.6737192829421637
2260,0.6734241092762271
2261,0.6735887277709259
2262,0.6736167388033432
2263,0.6734043796308813
2264,0.6733863750839629
2265,0.6731916468690655
2266,0.6728976464416823
2267,0.6726142135013112
2268,0.6726613115873119
2269,0.6724190120734188
2270,0.6721359413163128
2271,0.6719974552868897
2272,0.6719624368132797
2273,0.6720060029273981
2274,0.6717815745825395
2275,0.6722443824552613
2276,0.6720355404124039
2277,0.6717823182833657
2278,0.6715718552219155
2279,0.6713805358913342
2280,0.671091152999296
2281,0.671263397875233
2282,0.6710188953741308
2283,0.6711544687197165
2284,0.6710593560207365
2285,0.6708510545097354
2286,0.670845447782858
2287,0.6706202005861399
2288,0.6706831374582487
2289,0.6709869739655931
2290,0.670724480893553
2291,0.6706253109599282
2292,0.6709828674020393
2293,0.6712385716496546
2294,0.6710008928871508
2295,0.6709821715879433
2296,0.6711576872332943
2297,0.6709106654892165
2298,0.6706374910158229
2299,0.670401950549661
2300,0.6703474071290602
2301,0.6700897960081152
2302,0.6698296440471992
2303,0.6700018107793164
2304,0.6697685989282374
2305,0.6695691174364743
2306,0.6694141428357804
2307,0.6692189552095544
2308,0.6690080689134171
2309,0.6688583852161155
2310,0.6689380390014594
2311,0.6688291351272005
2312,0.6685470606768862
2313,0.668369971523751
2314,0.6681171577918806
2315,0.6678699640246518
2316,0.667738487794907
2317,0.6674623117597623
2318,0.6673049186185077
2319,0.6670508895003213
2320,0.6675717074223481
2321,0.6673585119075022
2322,0.667266099260992
2323,0.6669832420996158
2324,0.666741900941283
2325,0.6665161296222663
2326,0.6662849649812813
2327,0.6660238637235601
2328,0.6665155337332189
2329,0.666314072676127
2330,0.6662378929802217
2331,0.6661508931580893
2332,0.6658786251557987
2333,0.6657697725742249
2334,0.6655444791407807
2335,0.6652733510627015
2336,0.6650053328663694
2337,0.6649711682419
2338,0.6649281730668428
2339,0.6648394416446324
2340,0.6647570441982192
2341,0.6645212689949583
2342,0.6646631884494836
2343,0.6644333996420967
2344,0.664186933756406
2345,0.6640158094408197
2346,0.6638299780691146
2347,0.6639309535368206
2348,0.6636608527871516
2349,0.663481514559015
2350,0.6632063228032891
2351,0.6630926481982864
2352,0.6632701152793867
2353,0.6629984439148535
2354,0.6630404377579409
2355,0.6628700953255455
2356,0.6627030965976948
2357,0.6624763442302212
2358,0.6623912760292959
2359,0.6621184384096711
2360,0.6618529337448706
2361,0.6616685335513721
2362,0.6613923431872414
2363,0.6612382870007397
2364,0.6613227634143873
2365,0.6614330055609711
2366,0.6613337412108582
2367,0.6612973772806781
2368,0.6613889115295889
2369,0.6614234759169806
2370,0.6613664023230187
2371,0.6614382130249864
2372,0.6611889155659917
2373,0.661063920633468
2374,0.6608900688367594
2375,0.6607601169165971
2376,0.6605754723992813
2377,0.6607207473211627
2378,0.6608135553473973
2379,0.6606594072803886
2380,0.6604239256608361
2381,0.6602742709947966
2382,0.6601585001303404
2383,0.6600184270434657
2384,0.6597768697121829
2385,0.6597194476500327
2386,0.6595022893221825
2387,0.6593166629012799
2388,0.6592012546114844
2389,0.6592075506269774
2390,0.6592709607850135
2391,0.6592432656704863
2392,0.659008490973111
2393,0.6588248414392628
2394,0.6590256620907406
2395,0.6587601717073008
2396,0.6587810728706013
2397,0.6585211973831898
2398,0.6584552861092873
2399,0.6583855875200602
2400,0.6581540866807488
2401,0.6581376946007407
2402,0.6582085141164463
2403,0.6580798892811863
2404,0.6579130374735352
2405,0.6578115557746379
2406,0.6576166588673331
2407,0.6573786348684153
2408,0.6571955028055516
2409,0.6569921744614108
2410,0.6567443305711862
2411,0.6566075762906721
2412,0.6563842664541785
2413,0.6561154019165297
2414,0.6558490780165127
2415,0.655578254887353
2416,0.6554399557892713
2417,0.6552484693193992
2418,0.6551679251268929
2419,0.6549039527989843
2420,0.6548707704561689
2421,0.6546476262660504
2422,0.6545917275844462
2423,0.6544706230682219
2424,0.6543218814468903
2425,0.6541191766599134
2426,0.6541443816643745
2427,0.6539866856680364
2428,0.6537233434047047
2429,0.6537453231408538
2430,0.6534787108485358
2431,0.6532334021289044
2432,0.6530147627575892
2433,0.6527978324861956
2434,0.6525667252894741
2435,0.6525308255316155
2436,0.6523056434414022
2437,0.6525504709333574
2438,0.6524803349714186
2439,0.6522664738567694
2440,0.6522298747999139
2441,0.6519723106104386
2442,0.6518481179114858
2443,0.6516042743770973
2444,0.6518330415111526
2445,0.6516458685258587
2446,0.6515119835454645
2447,0.6517193442694865
2448,0.6515239883865226
2449,0.6514333265261459
2450,0.6512234859791377
2451,0.6509798941220434
2452,0.6510032129766173
2453,0.6515452066896482
2454,0.6516155212947283
2455,0.6516755627291742
2456,0.6516104715454576
2457,0.6514072569233925
2458,0.6512534479413212
2459,0.651021590049733
2460,0.6512538668505963
2461,0.65118908514179
2462,0.6510854090497423
2463,0.6508685727743923
2464,0.650624804882723
2465,0.6503970553758577
2466,0.6503098963679692
2467,0.6500749535732413
2468,0.6498243442251426
2469,0.6497178963924871
2470,0.6494932422146505
2471,0.649449720727614
2472,0.6493896906548594
2473,0.6491304843218756
2474,0.6489549163670012
2475,0.6493832049813356
2476,0.6493076037550312
2477,0.6490792975557493
2478,0.6488293414381178
2479,0.6486994393595178
2480,0.64862103997843
2481,0.6487732377779644
2482,0.6486247906647702
2483,0.6483747050479998
2484,0.6481756887477881
2485,0.6479609854001628
2486,0.647848437945185
2487,0.6479033598072003
2488,0.648052751153954
2489,0.6480906234422245
2490,0.6480830030490454
2491,0.6480627001028016
2492,0.6478166936849444
2493,0.6476934410275833
2494,0.647524960753695
2495,0.6473619791689604
2496,0.6472280550523697
2497,0.647116026206436
2498,0.646882094621851
2499,0.6471784581921441
2500,0.646972048521016
2501,0.6473300145047913
2502,0.6470985980172379
2503,0.6471599302466723
2504,0.6469520956089553
2505,0.6467486864658094
2506,0.6466902514148685
2507,0.6466924767564239
2508,0.6465361571444987
2509,0.6466245877060781
2510,0.6470689404925866
2511,0.6468933786654477
2512,0.6470054103535272
2513,0.6468460760300113
2514,0.6466880124650867
2515,0.6465267504807023
2516,0.6466210552814664
2517,0.6465970883646677
2518,0.6464724451741113
2519,0.6462314504194041
2520,0.646377895822117
2521,0.6463052384926641
2522,0.6461715123221008
2523,0.6464284325768884
2524,0.6465321781559611
2525,0.6465627060329255
2526,0.6464383842071432
2527,0.6463324357436023
2528,0.6461230527091542
2529,0.646249080188626
2530,0.6465118223717466
2531,0.6462761823201639
2532,0.6460697308338154
2533,0.6458221367796669
2534,0.6456749761310507
2535,0.6454777241352613
2536,0.6455976243432123
2537,0.6456091233055573
2538,0.645628900692406
2539,0.6455046911307952
2540,0.6453257733984599
2541,0.6452168086135096
2542,0.6453715616100945
2543,0.645446334627916
2544,0.6453289857304069
2545,0.6453062145610592
2546,0.6453288889590268
2547,0.6451620884407612
2548,0.6449462639483323
2549,0.6447639470195756
2550,0.6445920420466461
2551,0.6445303353350051
2552,0.6445445321385728
2553,0.6444646868049924
2554,0.6442321973226124
2555,0.6443095574479951
2556,0.6440913095721421
2557,0.6438993656563653
2558,0.6436828884123347
2559,0.6435144992132544
2560,0.6434602375781207
2561,0.6434173547407788
2562,0.6434565480290381
2563,0.6432125920331978
2564,0.6431769540798145
2565,0.6429489050410484
2566,0.643076646868516
2567,0.6428801777891606
2568,0.6426530372244758
2569,0.6424323930252462
2570,0.6422085993097015
2571,0.642049885680086
2572,0.6418456697276045
2573,0.6418014425943089
2574,0.6415861253797153
2575,0.6415841741998499
2576,0.6416605371080593
2577,0.641472994787818
2578,0.6413472392262559
2579,0.6411581812800216
2580,0.6409335158076848
2581,0.6407511219844342
2582,0.6406420230740328
2583,0.6405004867110522
2584,0.6403073484711346
2585,0.6400935240445161
2586,0.6400258234528633
2587,0.6401204899268761
2588,0.6398930802190158
2589,0.639854503433443
2590,0.6396177243448133
2591,0.6394683811368364
2592,0.6392995045047529
2593,0.6391076445622405
2594,0.6389121239739819
2595,0.6387388455694879
2596,0.6384974065624839
2597,0.6385574148281974
2598,0.6385554913748065
2599,0.6383941977848614
2600,0.6383270773341906
2601,0.6382514605618392
2602,0.6380218368895829
2603,0.63815150509927
2604,0.6379556734172513
2605,0.6381837533920114
2606,0.6381078044269215
2607,0.6379101084603439
2608,0.6377769328618242
2609,0.6376935630544868
2610,0.6376645966319439
2611,0.6374772822328608
2612,0.6372633871821494
2613,0.6370208093732672
2614,0.6368192088192473
2615,0.6366509392547766
2616,0.6369404197455019
2617,0.6368359091506944
2618,0.6368128157453389
2619,0.6365896667071962
2620,0.6364107099352672
2621,0.6363863803729017
2622,0.6366434741852787
2623,0.6365085825777104
2624,0.6362740415094115
2625,0.6361882318057077
2626,0.636202585712665
2627,0.6364791730128339
2628,0.6362478178946388
2629,0.6360446478128089
2630,0.636302350240142
2631,0.6362232045655923
2632,0.6362584304509905
2633,0.6360336496292733
2634,0.6358243432886476
2635,0.6359722231748561
2636,0.6357320987291435
2637,0.6355020844738468
2638,0.6353075462447996
2639,0.635435068674909
2640,0.6356787910597711
2641,0.6356762042453186
2642,0.6356250538078415
2643,0.6354690984642938
2644,0.6353406685853318
2645,0.6352769871695405
2646,0.6350941395714184
2647,0.6349284927959683
2648,0.6347297431790543
2649,0.6347585582970455
2650,0.6345648203927828
2651,0.6343695070121427
2652,0.6343094238562857
2653,0.6340808966911834
2654,0.6338474288441589
2655,0.6338444817191361
2656,0.6336287432777675
2657,0.6335363499743308
2658,0.633301886137255
2659,0.6333812709420336
2660,0.6332007021271951
2661,0.6330178932020745
2662,0.6329644788688762
2663,0.6327684248203121
2664,0.6326533778500074
2665,0.632437150034132
2666,0.632272826400754
2667,0.6321102542103755
2668,0.6318825703166517
2669,0.6316645482502843
2670,0.6316011044918884
2671,0.6314239334487223
2672,0.6313763036436072
2673,0.6312327373841369
2674,0.6310383150366494
2675,0.6310233286499893
2676,0.6311904374696824
2677,0.6310899888468049
2678,0.6308997662710585
2679,0.6307514325779154
2680,0.6306523253496759
2681,0.6306357693769675
2682,0.6305403423802985
2683,0.6303687212101718
2684,0.6302205434335628
2685,0.6301013391689011
2686,0.6298709933888084
2687,0.6297876340772569
2688,0.629675181492912
2689,0.629754002379119
2690,0.6296901072976676
2691,0.6297051410163595
2692,0.6295099474744195
2693,0.6295670634897755
2694,0.6293914504826811
2695,0.6292443488236803
2696,0.6290850960636977
2697,0.6294146059346593
2698,0.6296054865280087
2699,0.6294509866434227
2700,0.6295786327215142
2701,0.6293484168525112
2702,0.6291622214926568
2703,0.6289315074486636
2704,0.6289578146361785
2705,0.6288752227672304
2706,0.6288388235064731
2707,0.6286126803613947
2708,0.6284662412040817
2709,0.6286142640208531
2710,0.6283895597771897
2711,0.628206127738723
2712,0.6281474348655208
2713,0.62793271473653
2714,0.6279390869521511
2715,0.6277846735891175
2716,0.6276585261428803
2717,0.6277286289588321
2718,0.627633636593221
2719,0.627457187315692
2720,0.6273022485949736
2721,0.6273115306637459
2722,0.6270883472627773
2723,0.6268741358607862
2724,0.6266665846913095
2725,0.6268025939257128
2726,0.6265908046759664
2727,0.626365937000776
2728,0.626203701518826
2729,0.6261408206414673
2730,0.6260793026812848
2731,0.6258684153232855
2732,0.6257164295659668
2733,0.6255464836918199
2734,0.6253776436564418
2735,0.6253457949510731
2736,0.6252100990982355
2737,0.6250266403723558
2738,0.6248428423466214
2739,0.6246201833479487
2740,0.6246412268116783
2741,0.6244976371621735
2742,0.6242788453863661
2743,0.6242309538224668
2744,0.6243697337539813
2745,0.6242063887384447
2746,0.624295710118894
2747,0.6241246618364364
2748,0.6239555025783373
2749,0.6239344496315136
2750,0.6237349481735739
2751,0.6237729401566485
2752,0.6239217307184796
2753,0.6238674199030038
2754,0.6238066056809104
2755,0.6236341340294433
2756,0.6234242099582389
2757,0.623292580561346
2758,0.6231997286741126
2759,0.6231708504751833
2760,0.6229976188427592
2761,0.622851882606197
2762,0.6228209724192877
2763,0.622600372148032
2764,0.6224981151795668
2765,0.6223580131740237
2766,0.6222192375701445
2767,0.6220875548355069
2768,0.6223067619462942
2769,0.6221176062046083
2770,0.6221183252753797
2771,0.6220593292131965
2772,0.6220266878893712
2773,0.6220670724392915
2774,0.6219619938802925
2775,0.6220035404635638
2776,0.6218193982413852
2777,0.6217728258169141
2778,0.6217020123404364
2779,0.6217388613124062
2780,0.6215572463945089
2781,0.6213801596588334
2782,0.6212314723499477
2783,0.6214019287279687
2784,0.6216985069535685
2785,0.6216163217493061
2786,0.6214516133928911
2787,0.621413021079513
2788,0.6213393112934078
2789,0.6211245036871571
2790,0.6211061957487392
2791,0.6208885007646986
2792,0.6207365087911146
2793,0.6211592682303256
2794,0.6213832895843341
2795,0.6212407465932179
2796,0.6210758098698931
2797,0.6209092099907307
2798,0.6208361080645232
2799,0.6207154071794877
2800,0.6207211052991873
2801,0.6210927820219192
2802,0.6209649400763474
2803,0.6208835154439531
2804,0.6206954099071857
2805,0.6206833973493062
2806,0.6205158381913135
2807,0.6205821391274997
2808,0.6203785882560484
2809,0.6205434654817732
2810,0.6204863737986179
2811,0.6204655312852462
2812,0.6203537317124942
2813,0.620181187461718
2814,0.620158962494212
2815,0.6201468525150721
2816,0.6200986847998514
2817,0.620457543364339
2818,0.6205414209829384
2819,0.6203798553238179
2820,0.6204520355988656
2821,0.6203176682647307
2822,0.6203659192082318
2823,0.620289454431961
2824,0.6202950028036027
2825,0.6201312561508211
2826,0.6200396587967925
2827,0.6199589703672405
2828,0.6198378868182176
2829,0.6196450446197898
2830,0.619597685230552
2831,0.6193917060924788
2832,0.6193052194823458
2833,0.6193722943603406
2834,0.6191773714020479
2835,0.6189888098936197
2836,0.6189833537452213
2837,0.6188020093376693
2838,0.618846932545041
2839,0.6188842752336555
2840,0.6187590768014637
2841,0.6185819863762057
2842,0.6184108084764715
2843,0.6185013071153698
2844,0.6184363300132796
2845,0.618940825382605
2846,0.6187854906726895
2847,0.6187342179894376
2848,0.618577348887967
2849,0.6183712089329665
2850,0.6183004252250051
2851,0.6181196383716371
2852,0.6179164101742627
2853,0.6178694655505157
2854,0.6180017724502962
2855,0.6181399330872704
2856,0.6179760095561667
2857,0.618034418357008
2858,0.6178250328594758
2859,0.6176727875472519
2860,0.617510373641511
2861,0.6174007268369711
2862,0.6174159857076688
2863,0.6172909963078006
2864,0.6172387916371607
2865,0.6171084292966532
2866,0.6169842376616674
2867,0.6168841579968222
2868,0.6166785997857581
2869,0.6165462718553762
2870,0.6165245543680801
2871,0.6163226984456972
2872,0.6165987419130455
2873,0.6167813975514709
2874,0.6167045611140426
2875,0.6168086761115636
2876,0.6172028449979525
2877,0.6172085163579145
2878,0.6174744611510514
2879,0.6173661363445002
2880,0.617584953700984
2881,0.6173885858531979
2882,0.6172495681429503
2883,0.6173969279156692
2884,0.6174204328551425
2885,0.6172201797985473
2886,0.6173839234050679
2887,0.6172869218358273
2888,0.6171141809031844
2889,0.6169903880896723
2890,0.6169484060735881
2891,0.6167623460401328
2892,0.6166720178742132
2893,0.616497943535301
2894,0.6164732715043283
2895,0.6164072197861844
2896,0.6162950562469606
2897,0.6160857742726531
2898,0.6159039551915765
2899,0.6157552993592156
2900,0.6157786216705555
2901,0.6157953161271
2902,0.6157256701795412
2903,0.6155564531409965
2904,0.6153845857302731
2905,0.6152764903259704
2906,0.615103876317128
2907,0.6149285362040733
2908,0.6147843754329126
2909,0.6146287014676151
2910,0.6145049034639632
2911,0.6144613204555884
2912,0.6143752839758755
2913,0.6142870211086728
2914,0.6140814423982789
2915,0.6138792310350629
2916,0.6136788899137942
2917,0.6137108177113227
2918,0.6136001325644768
2919,0.6135300669303012
2920,0.6134242578122997
2921,0.6133278997067898
2922,0.6133343310966864
2923,0.6133034248994033
2924,0.6131550641872086
2925,0.6130108976015063
2926,0.6130083437690093
2927,0.612894241018364
2928,0.6127002798542981
2929,0.6126635662268781
2930,0.6127152954884246
2931,0.612554769189383
2932,0.6124033748314507
2933,0.6122026326590082
2934,0.6122151914691134
2935,0.6121319184761198
2936,0.6124089083540138
2937,0.6123660759010576
2938,0.6122140932062392
2939,0.6120499573067602
2940,0.6118488198635985
2941,0.6117568517266566
2942,0.6117896031977966
2943,0.6116990841643193
2944,0.6116169554074233
2945,0.6117160684493772
2946,0.6115971638001118
2947,0.6115927008878913
2948,0.6114055629239816
2949,0.6113039240369189
2950,0.6111403623185857
2951,0.6112887095560442
2952,0.6111917390645898
2953,0.6110306612924815
2954,0.611100305511779
2955,0.6108997297815244
2956,0.6107578674152704
2957,0.6105919703147964
2958,0.6104771045683648
2959,0.6102842786269522
2960,0.6102874918513392
2961,0.6102866252358353
2962,0.6100876921531294
2963,0.609997735470121
2964,0.6097981119552329
2965,0.6096929364586363
2966,0.6095587420887733
2967,0.6094214834062109
2968,0.6094545435849474
2969,0.6093876253504753
2970,0.6093014805511814
2971,0.6093709322863725
2972,0.6093342956238502
2973,0.6091751259032839
2974,0.609203083870801
2975,0.6092009167423469
2976,0.6091423219245164
2977,0.6089403852634967
2978,0.6088603845885937
2979,0.6090997567462711
2980,0.6089573752393498
2981,0.6088943447722278
2982,0.60893411354233
2983,0.6087655348182986
2984,0.6085976584824607
2985,0.6086287459852704
2986,0.6087715442087451
2987,0.6087141284749414
2988,0.6086511984592148
2989,0.6084609644738872
2990,0.6084886585862843
2991,0.6082942053989823
2992,0.6081547306169919
2993,0.6081094345287382
2994,0.6080191966197243
2995,0.607905780454161
2996,0.6078248876389759
2997,0.6076414559509742
2998,0.6077552316921502
2999,0.6075833603606059
3000,0.6074290781244643
3001,0.6072996412954973
3002,0.6072551882110164
3003,0.607065296378434
3004,0.6068769778786407
3005,0.6070216488732466
3006,0.6068810422190151
3007,0.6067871859841871
3008,0.6067250790360013
3009,0.6065686484102041
3010,0.6068708597102225
3011,0.6069796317656077
3012,0.6069435301985993
3013,0.6070236184199086
3014,0.6069536592834021
3015,0.6068794997091173
3016,0.6067264042299876
3017,0.6069251168736588
3018,0.6067402409220248
3019,0.606649246613773
3020,0.6065280251424675
3021,0.6063403747937305
3022,0.6062320950490552
3023,0.6061852223647566
3024,0.6060233716657166
3025,0.6058623406183729
3026,0.6059670296034309
3027,0.6057944860171103
3028,0.6057199138873951
3029,0.6055209570458501
3030,0.6054390437297416
3031,0.6053312250205535
3032,0.6052866685554095
3033,0.6051479193256686
3034,0.6051025555107878
3035,0.6051252646862115
3036,0.6051071497957257
3037,0.6049687020876781
3038,0.6049785908030031
3039,0.6048721781389129
3040,0.6047041274313305
3041,0.6045745730675178
3042,0.6045392908868774
3043,0.6044433845973526
3044,0.6042935012037305
3045,0.6041989374010639
3046,0.6040080038591243
3047,0.6039090056920683
3048,0.6037311115797332
3049,0.6036790966978557
3050,0.6037191443810341
3051,0.6035953925083
3052,0.6034405318483035
3053,0.6035029365415759
3054,0.6033996563374322
3055,0.6034419002825031
3056,0.6032649249487888
3057,0.6032819501471635
3058,0.6031188258706315
3059,0.6029792400500849
3060,0.6032041577362917
3061,0.6031420304494133
3062,0.6029977903902312
3063,0.6029255482030891
3064,0.6028636963333768
3065,0.6028161184243105
3066,0.6027938377730149
3067,0.6027324228147445
3068,0.6025758967876653
3069,0.6023811026919137
3070,0.6024292031719813
3071,0.6022625393720845
3072,0.6023298215445032
3073,0.6022514678488435
3074,0.6020863800865958
3075,0.6020640007755143
3076,0.601976185812316
3077,0.601882643332396
3078,0.601716435156206
3079,0.6018375593330433
3080,0.6017777526600895
3081,0.6016216804294096
3082,0.6014340406533392
3083,0.6013811031337164
3084,0.6012437571320505
3085,0.6011095952276083
3086,0.6009885773547134
3087,0.6012945955038661
3088,0.601102794714105
3089,0.6009890602331664
3090,0.6008586465505721
3091,0.6007621047255552
3092,0.6005967598208118
3093,0.6005237889008517
3094,0.6005129270756672
3095,0.6005848073216402
3096,0.6004036191527943
3097,0.6002400029019387
3098,0.600256140901773
3099,0.6002562054596161
3100,0.6001735312071025
3101,0.6003393700756365
3102,0.6001524216036609
3103,0.5999902126767096
3104,0.5999752513652064
3105,0.5999603464833928
3106,0.5997766145076027
3107,0.5996727879431059
3108,0.5996244954173168
3109,0.5994517093009941
3110,0.5994961040205095
3111,0.5997009748306805
3112,0.5996675568386266
3113,0.5997365944950978
3114,0.599547555394285
3115,0.5993609558485488
3116,0.5992412628540785
3117,0.5993999238650574
3118,0.5993856829422347
3119,0.5992287211636947
3120,0.599056574472368
3121,0.5989164760201872
3122,0.5990208340214369
3123,0.5988362518708754
3124,0.5988804048037774
3125,0.59870999512388
3126,0.5986834103246934
3127,0.5987731899004992
3128,0.5987155217685322
3129,0.5986934445586392
3130,0.5985024462161533
3131,0.5984207397765152
3132,0.5983548740032439
3133,0.5982784343794894
3134,0.5982728242368057
3135,0.5980885500829459
3136,0.5982021526346823
3137,0.5981001962000762
3138,0.5981447257332355
3139,0.5979794716179382
3140,0.5978212825249941
3141,0.5977786299899837
3142,0.5976181125652339
3143,0.5976879696612649
3144,0.5975079576144795
3145,0.5974872972342341
3146,0.5974014447814541
3147,0.5975503171080063
3148,0.5973988407668036
3149,0.5972103991875609
3150,0.5970666620160037
3151,0.5968831889560008
3152,0.5967566409112453
3153,0.596604089787688
3154,0.5964311861820998
3155,0.5965326422461361
3156,0.5967885168886009
3157,0.596824895177056
3158,0.596650472512233
3159,0.5965189114049491
3160,0.5966970137960996
3161,0.5966714662710733
3162,0.596586068974851
3163,0.5966841691193124
3164,0.596546040603177
3165,0.5963973860647137
3166,0.5962685662806974
3167,0.5962516264840341
3168,0.5960806035339108
3169,0.5959236082144606
3170,0.5958915717059667
3171,0.5960453522596894
3172,0.5960866993650467
3173,0.5961161985339327
3174,0.5961362746215155
3175,0.5960533097889061
3176,0.5959158831913826
3177,0.5958406298046862
3178,0.5957816713582804
3179,0.5959867968987701
3180,0.5960567526591571
3181,0.5960549851458944
3182,0.5959199601251397
3183,0.5958787672057041
3184,0.5957122408291089
3185,0.5955431096588737
3186,0.5953671247843304
3187,0.5951872168769904
3188,0.5951729237734437
3189,0.5949931652102698
3190,0.5948903897790556
3191,0.5947086699176883
3192,0.5948218174434429
3193,0.5948037614341154
3194,0.5946862332647881
3195,0.5946465863815489
3196,0.5946287293676926
3197,0.5948537346197611
3198,0.5946857687330271
3199,0.5946327170605963
3200,0.5944527251967796
3201,0.5944337849732074
3202,0.5943611795914373
3203,0.5942196109308995
3204,0.5941328255563192
3205,0.5940368829842151
3206,0.5940452478390292
3207,0.5938713077494568
3208,0.5937028056598446
3209,0.5936621399022224
3210,0.5935718267810339
3211,0.5935777324693946
3212,0.5936077072711591
3213,0.5934768575650008
3214,0.593329240053926
3215,0.5931468815935906
3216,0.5929663022024744
3217,0.5928556430054579
3218,0.5926879066803374
3219,0.5926125212099477
3220,0.5924610816770097
3221,0.5923802073889478
3222,0.5926936580491039
3223,0.592561666258819
3224,0.5925610035989728
3225,0.5924361431766516
3226,0.5923121969409211
3227,0.5921610616258286
3228,0.5922485763279457
3229,0.5922813582042148
3230,0.5923526716564456
3231,0.5922679253350451
3232,0.5921013521585348
3233,0.5921347966208811
3234,0.5919970659084994
3235,0.5918146769243492
3236,0.5917379361320757
3237,0.5916229916901414
3238,0.5915245945866704
3239,0.5917793984241951
3240,0.5916636883820465
3241,0.5914938422375288
3242,0.59139483548589
3243,0.5912834368988018
3244,0.5913227667963293
3245,0.5913240284138743
3246,0.5912824686967544
3247,0.5911483796871052
3248,0.5909704004460273
3249,0.5909822922416189
3250,0.5909472880726683
3251,0.5907750477158512
3252,0.5905942399598177
3253,0.5904230038282586
3254,0.590383485232856
3255,0.5902630932671947
3256,0.5901267657695148
3257,0.5900203897308688
3258,0.5898669973783753
3259,0.5899132855904126
3260,0.589986288676672
3261,0.5898095843292608
3262,0.589839627600524
3263,0.5896657796399797
3264,0.5894942107129553
3265,0.5893795531764151
3266,0.5892002477040473
3267,0.5892700583425108
3268,0.589196923274722
3269,0.5890436323569104
3270,0.5888692633681686
3271,0.5887057751520229
3272,0.5889716752737233
3273,0.5888364292340272
3274,0.5887784641238383
3275,0.5886174134062219
3276,0.588630463232562
3277,0.588468994903119
3278,0.588436196004983
3279,0.5882720883433025
3280,0.588094092635634
3281,0.5882098245697701
3282,0.5881544288473749
3283,0.5883007587080457
3284,0.5882678387597209
3285,0.5880914062730626
3286,0.5880542340336247
3287,0.5879606519975245
3288,0.5877826489954853
3289,0.5877129996998809
3290,0.587781564582581
3291,0.5877414789653036
3292,0.5876600133497523
3293,0.5876867104203697
3294,0.5875834856509532
3295,0.5875484909696235
3296,0.5873784244528651
3297,0.587229268800785
3298,0.5870628714076828
3299,0.5869945797022504
3300,0.5872299653959002
3301,0.5875112738063368
3302,0.5873342217390489
3303,0.5871581160587288
3304,0.5870081406919696
3305,0.5871281297799492
3306,0.5869601384883923
3307,0.5868191616105519
3308,0.586898981312113
3309,0.5869976847075987
3310,0.5869665242295671
3311,0.5869811548091366
3312,0.5871021359409025
3313,0.5869738703759227
3314,0.5868040728177267
3315,0.5866884718153657
3316,0.5866196935855246
3317,0.5865645659220214
3318,0.5864517504411095
3319,0.5864584667140464
3320,0.5865803909634872
3321,0.5866377632049296
3322,0.5867213884107072
3323,0.5865460572223986
3324,0.5863858954024133
3325,0.5863043365636802
3326,0.5862395540887324
3327,0.586247876642747
3328,0.5861337216914075
3329,0.5862159700847659
3330,0.5860602417156012
3331,0.5860218624169891
3332,0.5860461203238184
3333,0.5859293363532714
3334,0.5857727225849189
3335,0.5858472079811026
3336,0.5857765104336252
3337,0.5856708656213376
3338,0.585518582505949
3339,0.5854380548196642
3340,0.5853195195979873
3341,0.5852401863941474
3342,0.5853400952570528
3343,0.5852416745505414
3344,0.5851760603616212
3345,0.5850276672389791
3346,0.5850126243095617
3347,0.5848768224797197
3348,0.5847982383105286
3349,0.5847638303089698
3350,0.5846032354851649
3351,0.5844821757816034
3352,0.5843463898667914
3353,0.5843560610525109
3354,0.5843790125487224
3355,0.584499912607376
3356,0.5843793092351622
3357,0.5842460750489922
3358,0.5841468234041302
3359,0.5840287889457042
3360,0.5839311235680117
3361,0.5842110842475198
3362,0.5841169323761418
3363,0.5839521763464821
3364,0.583855283205973
3365,0.5837878255193714
3366,0.5842560949726561
3367,0.5842904435252528
3368,0.584449577271116
3369,0.5844558095985486
3370,0.5844117306294859
3371,0.5843173341645319
3372,0.5841903810537324
3373,0.5841562076713201
3374,0.5840771223438718
3375,0.5840567925543274
3376,0.5839750829795377
3377,0.5838082856780271
3378,0.5838543529695311
3379,0.5837277245741915
3380,0.583847529616716
3381,0.5837637541117965
3382,0.5836013426656712
3383,0.5837367001830511
3384,0.583603148445216
3385,0.5837113856549514
3386,0.5837329823452951
3387,0.5840768971713737
3388,0.5842812009184922
3389,0.5846673342215464
3390,0.5848244679514699
3391,0.5847148498140768
3392,0.5848978838178003
3393,0.5848618093933462
3394,0.5848482959965662
3395,0.5850367277828505
3396,0.5851679806577387
3397,0.5850766053496769
3398,0.5850385865446249
3399,0.5849026635294138
3400,0.5848292654695821
3401,0.5848060272912186
3402,0.5847630539613762
3403,0.5846873204427441
3404,0.5845451407559094
3405,0.5846213812254887
3406,0.5846622904351724
3407,0.5845875738979628
3408,0.5845219410421987
3409,0.5847285858875568
3410,0.5848819206052736
3411,0.5850212000920278
3412,0.5850547564448046
3413,0.5849854419726854
3414,0.5851037322075254
3415,0.5851368004918799
3416,0.5852416310737063
3417,0.5854015551445328
3418,0.5854610818163893
3419,0.585385759296078
3420,0.5853783397075534
3421,0.5853861550088649
3422,0.5856203699347553
3423,0.5856675120942273
3424,0.5856283947073553
3425,0.5856567042956352
3426,0.5856984128118807
3427,0.5855523156116536
3428,0.5855146821283216
3429,0.5853492355489163
3430,0.5853080235629576
3431,0.5851759305461451
3432,0.5850122487453139
3433,0.5848914756400434
3434,0.5848432986295308
3435,0.5847615414398427
3436,0.5849441082675297
3437,0.5850682729741147
3438,0.5849931608491792
3439,0.584839434839444
3440,0.5846961539533587
3441,0.5845610094850225
3442,0.5846216880611597
3443,0.5844922995796666
3444,0.5845396565511578
3445,0.5844559612864416
3446,0.5843257792890411
3447,0.5841993038775549
3448,0.5840368804623611
3449,0.583872843957435
3450,0.5837074176473734
3451,0.5836445823139704
3452,0.5834855106943518
3453,0.5834296767902803
3454,0.5833098035796457
3455,0.5831733404499083
3456,0.5831789379108666
3457,0.5831023130460837
3458,0.5829399486887289
3459,0.5827887193023243
3460,0.5826541341537961
3461,0.5825445279059491
3462,0.5825151871314791
3463,0.5823528139613702
3464,0.5822599864430227
3465,0.5823923015192448
3466,0.5822375840712509
3467,0.5823313069525959
3468,0.5822730826349157
3469,0.5822243213323782
3470,0.5821436807062943
3471,0.5820953753519443
3472,0.5820420645302163
3473,0.5819003984037374
3474,0.5817895028299278
3475,0.5816231132395648
3476,0.5814614915180726
3477,0.5813633980600955
3478,0.58151287979772
3479,0.5813637752468109
3480,0.5812377825776798
3481,0.5817226130224769
3482,0.5816129757052456
3483,0.5817163827215823
3484,0.581568450331843
3485,0.5814121640205983
3486,0.5813183784773219
3487,0.5812182311206235
3488,0.5812674212460839
3489,0.5811521839448891
3490,0.5811448864957303
3491,0.5811589654811266
3492,0.5810258250312635
3493,0.5808669520086461
3494,0.5809548079300927
3495,0.5811172620989461
3496,0.581007420925869
3497,0.5811538236028662
3498,0.5810686602326277
3499,0.5811003024703991
3500,0.5810992031084159
3501,0.5809785210368053
3502,0.5808729522972715
3503,0.5808000636130828
3504,0.5806691433549338
3505,0.5805567724710852
3506,0.5804321184849461
3507,0.5804020018495716
3508,0.580258191645929
3509,0.5801261962975175
3510,0.5800030579464956
3511,0.5800856757584735
3512,0.5799232498825931
3513,0.5797862300762838
3514,0.5799977265258329
3515,0.5799872325353811
3516,0.5800202522224801
3517,0.5798899079204203
3518,0.579893940009194
3519,0.5798297638416056
3520,0.5799409944886336
3521,0.5798195805237029
3522,0.5797130896479813
3523,0.5796382308695821
3524,0.5795302592123281
3525,0.5794052634375861
3526,0.5794282011596037
3527,0.579401909341638
3528,0.5792657233906611
3529,0.5791634498980952
3530,0.5790009736353045
3531,0.5789765852316509
3532,0.5789434572611388
3533,0.5790929137744656
3534,0.5789579224422368
3535,0.5788696479388306
3536,0.5787748800019458
3537,0.5787703313419332
3538,0.5791237970294368
3539,0.5790287137541301
3540,0.5792728980824086
3541,0.5791143561378054
3542,0.5790753437372125
3543,0.5789269311269668
3544,0.5787703917611695
3545,0.5786151254940153
3546,0.5784654377564612
3547,0.5783454840471886
3548,0.5783672029638055
3549,0.5782072021201109
3550,0.5783214967536805
3551,0.5782164166050121
3552,0.5781046208395764
3553,0.5781718785040406
3554,0.578025033288924
3555,0.5778812401196747
3556,0.5778380009647344
3557,0.577778403417054
3558,0.5776212834564048
3559,0.5775066033480236
3560,0.5774785895469353
3561,0.5773205896685205
3562,0.5771632231985611
3563,0.5770454372004912
3564,0.5768883506670373
3565,0.5768196722837964
3566,0.5767377800223746
3567,0.5766103138698562
3568,0.5764711663060782
3569,0.5764051852332515
3570,0.5763951186196647
3571,0.5763572662271422
3572,0.5762785632986037
3573,0.576117639509103
3574,0.5760160106778864
3575,0.5758797046463422
3576,0.5757187820508052
3577,0.5755618966098495
3578,0.5756287601552487
3579,0.5758083310621006
3580,0.5758145866218277
3581,0.5758902141070716
3582,0.5757503987744444
3583,0.5757898151999135
3584,0.5757669427823767
3585,0.5756279189043575
3586,0.5758733903237722
3587,0.5759227951715405
3588,0.57582262568923
3589,0.5757390751083936
3590,0.5755876876864832
3591,0.575613331952354
3592,0.5754654427417916
3593,0.5754974046558572
3594,0.5754918657732075
3595,0.5754739919578279
3596,0.5755293528524904
3597,0.5754532970527103
3598,0.5752997444309035
3599,0.5751447578924573
3600,0.5750828246625281
3601,0.5750108033379233
3602,0.5749201966435641
3603,0.5749130628966665
3604,0.5749602381407588
3605,0.5748031648534824
3606,0.5748209316039453
3607,0.5749032084587152
3608,0.5749184434937588
3609,0.5747937151363552
3610,0.5747819738853217
3611,0.5748260245244896
3612,0.5749337585665258
3613,0.5748646701075787
3614,0.5748387128421955
3615,0.5747070874078452
3616,0.5745611512383696
3617,0.5744280928553208
3618,0.5743741483065251
3619,0.5743067300563973
3620,0.5743820085815893
3621,0.5742500955918118
3622,0.5743324250037789
3623,0.5745116441567489
3624,0.5743587255437722
3625,0.5742758144136789
3626,0.5743928632870656
3627,0.5742395018720731
3628,0.5743147681943923
3629,0.5741819971012859
3630,0.5740966436367484
3631,0.5743651979347638
3632,0.5749955523895331
3633,0.5748875564920736
3634,0.5749873493154379
3635,0.574834467263061
3636,0.5748656932962061
3637,0.575016380476237
3638,0.5749677763156248
3639,0.574828864351885
3640,0.574749838124671
3641,0.57482927791073
3642,0.5749776526880451
3643,0.5748439480159594
3644,0.5746921871967277
3645,0.5745509484213486
3646,0.5746190348255978
3647,0.574497615322873
3648,0.5743409538501824
3649,0.5741950558050266
3650,0.5742539454101862
3651,0.5741307532667284
3652,0.5739913441688396
3653,0.5738559415760356
3654,0.5737814303415939
3655,0.5737952944848488
3656,0.5737039396001943
3657,0.5735550194388985
3658,0.573614199294166
3659,0.5737050187145483
3660,0.5737094989722762
3661,0.5736817004150963
3662,0.573527204602774
3663,0.573383943575392
3664,0.5734051263118904
3665,0.5733863830479121
3666,0.5732858879961392
3667,0.5735682464355835
3668,0.5734543251493035
3669,0.5734109145886986
3670,0.5732611695026821
3671,0.5731066514435346
3672,0.5730351870688187
3673,0.5730656988422759
3674,0.572982189983491
3675,0.5728897230910834
3676,0.5729084253033458
3677,0.5728338171458008
3678,0.572684968699173
3679,0.5725306350182814
3680,0.5723851027100354
3681,0.5723314028228598
3682,0.5723346937547384
3683,0.5722244896987934
3684,0.5725253953373202
3685,0.5724216714277387
3686,0.5723243941281471
3687,0.572368357790534
3688,0.572294731624859
3689,0.5721675810218468
3690,0.5721889907410264
3691,0.5722282823210817
3692,0.5722836397288364
3693,0.5724903176818819
3694,0.5724195045912248
3695,0.5725509747401046
3696,0.5724390770337854
3697,0.5724182509058888
3698,0.5723777130847153
3699,0.5723099740546553
3700,0.5721668157278182
3701,0.5725861477591961
3702,0.5724443567062721
3703,0.5723462241939792
3704,0.5723460106718437
3705,0.5723793269400991
3706,0.5723136713924889
3707,0.5721695805002677
3708,0.572100697978649
3709,0.5720747272824673
3710,0.5722442256111283
3711,0.5721405002818666
3712,0.5720788558973926
3713,0.5723737021146142
3714,0.572397010399051
3715,0.5722684849209211
3716,0.5722105592001154
3717,0.5721078005142585
3718,0.5721171316327979
3719,0.5720197755468962
3720,0.5720529619681651
3721,0.5719162757008279
3722,0.571948361044042
3723,0.5718026545411994
3724,0.5716558989610061
3725,0.5716751801986935
3726,0.5718009569510634
3727,0.5717404764791724
3728,0.5715952914683281
3729,0.5715198444522669
3730,0.5716113080174726
3731,0.5716091076180582
3732,0.5716819435952067
3733,0.5716828674333173
3734,0.5715363936802246
3735,0.5716122878815818
3736,0.5715573605427893
3737,0.5715171877404359
3738,0.5713874838890003
3739,0.5712680166932558
3740,0.571288387694643
3741,0.5711670337551417
3742,0.5711338189118664
3743,0.5710225333774082
3744,0.5708979135225968
3745,0.5709242257637657
3746,0.5707878665100361
3747,0.5707499853447455
3748,0.5707282444548795
3749,0.5706406167552271
